input,winner,probability,harmony,operation,output,merge_cond_(68.93),exhaust_ws_(51.72),label_cons_(47.26),case_agr_(27.57),wh_agr_(0.00),foc_agr_(0.00),cl_agr_(0.00),case_(79.98),wh_(10.09),foc_(22.63),cl_(0.00),case_mt_(82.62),wh_mt_(0.00),foc_mt_(0.00),cl_mt_(0.00),LB_DP_(100.00),LB_V_(68.31),LB_v_(21.04),LB_T_(34.16),LB_C_(0.00),LB_DP2_(0.00)
unaccusative_[DP case_agr],0,4.363268156717398e-16,-82.61673813841145,mtAgree,[DP],0,0,0,0,0,0,0,0,0,0,0,1,0,0,0,0,0,0,0,0,0.0
unaccusative_[DP case_agr],1,0.9885596826644168,-47.26010426549789,xMerge,[.. [V] [DP case_agr]],0,0,1,0,0,0,0,0,0,0,0,0,0,0,0,0,0,0,0,0,0.0
unaccusative_[DP case_agr],0,1.144405412907411e-30,-116.19126558203385,xMerge,[.. [v] [DP case_agr]],1,0,1,0,0,0,0,0,0,0,0,0,0,0,0,0,0,0,0,0,0.0
unaccusative_[DP case_agr],0,1.144405412907411e-30,-116.19126558203385,xMerge,[.. [T case] [DP case_agr]],1,0,1,0,0,0,0,0,0,0,0,0,0,0,0,0,0,0,0,0,0.0
unaccusative_[DP case_agr],0,1.144405412907411e-30,-116.19126558203385,xMerge,[.. [C] [DP case_agr]],1,0,1,0,0,0,0,0,0,0,0,0,0,0,0,0,0,0,0,0,0.0
unaccusative_[DP case_agr],0,0.011440317335582557,-51.71920955859458,rMerge,[DP case_agr],0,1,0,0,0,0,0,0,0,0,0,0,0,0,0,0,0,0,0,0,0.0
unaccusative_[.. [V] [DP case_agr]],1,0.9037845923979463,-95.880503345735,Label,[V [V] [DP case_agr]],0,0,0,1,0,0,0,0,0,0,0,0,0,0,0,0,1,0,0,0,0.0
unaccusative_[.. [V] [DP case_agr]],0,0.014688933615247667,-100.0,Label,[DP case_agr [V] [DP case_agr]],0,0,0,0,0,0,0,0,0,0,0,0,0,0,0,1,0,0,0,0,0.0
unaccusative_[.. [V] [DP case_agr]],0,1.365252469559256e-09,-116.19126558203385,xMerge,[.. [v] [.. [V] [DP case_agr]]],1,0,1,0,0,0,0,0,0,0,0,0,0,0,0,0,0,0,0,0,0.0
unaccusative_[.. [V] [DP case_agr]],0,1.365252469559256e-09,-116.19126558203385,xMerge,[.. [T case] [.. [V] [DP case_agr]]],1,0,1,0,0,0,0,0,0,0,0,0,0,0,0,0,0,0,0,0,0.0
unaccusative_[.. [V] [DP case_agr]],0,1.365252469559256e-09,-116.19126558203385,xMerge,[.. [C] [.. [V] [DP case_agr]]],1,0,1,0,0,0,0,0,0,0,0,0,0,0,0,0,0,0,0,0,0.0
unaccusative_[.. [V] [DP case_agr]],0,4.718952991643565e-32,-167.91047514062842,iMerge,[.. [V] [.. [V] [DP case_agr]]],1,1,1,0,0,0,0,0,0,0,0,0,0,0,0,0,0,0,0,0,0.0
unaccusative_[.. [V] [DP case_agr]],0,0.040763234945524376,-98.97931382409246,iMerge,[.. [DP case_agr] [.. [V] [DP case_agr]]],0,1,1,0,0,0,0,0,0,0,0,0,0,0,0,0,0,0,0,0,0.0
unaccusative_[.. [V] [DP case_agr]],0,0.040763234945524376,-98.97931382409246,rMerge,[.. [V] [DP case_agr]],0,1,1,0,0,0,0,0,0,0,0,0,0,0,0,0,0,0,0,0,0.0
unaccusative_[V [V] [DP case_agr]],1,0.9885596826326825,-74.82872873619746,xMerge,[.. [v] [V [V] [DP case_agr]]],0,0,1,1,0,0,0,0,0,0,0,0,0,0,0,0,0,0,0,0,0.0
unaccusative_[V [V] [DP case_agr]],0,1.1444054128706737e-30,-143.75989005273343,xMerge,[.. [T case] [V [V] [DP case_agr]]],1,0,1,1,0,0,0,0,0,0,0,0,0,0,0,0,0,0,0,0,0.0
unaccusative_[V [V] [DP case_agr]],0,1.1444054128706737e-30,-143.75989005273343,xMerge,[.. [C] [V [V] [DP case_agr]]],1,0,1,1,0,0,0,0,0,0,0,0,0,0,0,0,0,0,0,0,0.0
unaccusative_[V [V] [DP case_agr]],0,3.2102367034416705e-11,-98.97931382409246,iMerge,[.. [DP case_agr] [V [V] [DP case_agr]]],0,1,1,0,0,0,0,0,0,0,0,0,0,0,0,0,0,0,0,0,0.0
unaccusative_[V [V] [DP case_agr]],0,0.011440317335215222,-79.28783402929416,rMerge,[V [V] [DP case_agr]],0,1,0,1,0,0,0,0,0,0,0,0,0,0,0,0,0,0,0,0,0.0
unaccusative_[.. [v] [V [V] [DP case_agr]]],1,0.9999999970934056,-76.1801042964974,Label,[v [v] [V [V] [DP case_agr]]],0,0,0,2,0,0,0,0,0,0,0,0,0,0,0,0,0,1,0,0,0.0
unaccusative_[.. [v] [V [V] [DP case_agr]]],0,2.7811563231530476e-09,-95.880503345735,Label,[V [v] [V [V] [DP case_agr]]],0,0,0,1,0,0,0,0,0,0,0,0,0,0,0,0,1,0,0,0,0.0
unaccusative_[.. [v] [V [V] [DP case_agr]]],0,4.471692761016256e-30,-143.75989005273343,xMerge,[.. [T case] [.. [v] [V [V] [DP case_agr]]]],1,0,1,1,0,0,0,0,0,0,0,0,0,0,0,0,0,0,0,0,0.0
unaccusative_[.. [v] [V [V] [DP case_agr]]],0,4.471692761016256e-30,-143.75989005273343,xMerge,[.. [C] [.. [v] [V [V] [DP case_agr]]]],1,0,1,1,0,0,0,0,0,0,0,0,0,0,0,0,0,0,0,0,0.0
unaccusative_[.. [v] [V [V] [DP case_agr]]],0,1.5456267908543529e-52,-195.479099611328,iMerge,[.. [v] [.. [v] [V [V] [DP case_agr]]]],1,1,1,1,0,0,0,0,0,0,0,0,0,0,0,0,0,0,0,0,0.0
unaccusative_[.. [v] [V [V] [DP case_agr]]],0,1.3351425226159951e-22,-126.54793829479203,iMerge,[.. [V [V] [DP case_agr]] [.. [v] [V [V] [DP case_agr]]]],0,1,1,1,0,0,0,0,0,0,0,0,0,0,0,0,0,0,0,0,0.0
unaccusative_[.. [v] [V [V] [DP case_agr]]],0,1.254379965917817e-10,-98.97931382409246,iMerge,[.. [DP case_agr] [.. [v] [V [V] [DP case_agr]]]],0,1,1,0,0,0,0,0,0,0,0,0,0,0,0,0,0,0,0,0,0.0
unaccusative_[.. [v] [V [V] [DP case_agr]]],0,1.3351425226159951e-22,-126.54793829479203,rMerge,[.. [v] [V [V] [DP case_agr]]],0,1,1,1,0,0,0,0,0,0,0,0,0,0,0,0,0,0,0,0,0.0
unaccusative_[v [v] [V [V] [DP case_agr]]],0,0.03172476957430548,-102.39735320689704,xMerge,[.. [T case] [v [v] [V [V] [DP case_agr]]]],0,0,1,2,0,0,0,0,0,0,0,0,0,0,0,0,0,0,0,0,0.0
unaccusative_[v [v] [V [V] [DP case_agr]]],0,3.672615691368451e-32,-171.328514523433,xMerge,[.. [C] [v [v] [V [V] [DP case_agr]]]],1,0,1,2,0,0,0,0,0,0,0,0,0,0,0,0,0,0,0,0,0.0
unaccusative_[v [v] [V [V] [DP case_agr]]],0,1.030226312936809e-12,-126.54793829479203,iMerge,[.. [V [V] [DP case_agr]] [v [v] [V [V] [DP case_agr]]]],0,1,1,1,0,0,0,0,0,0,0,0,0,0,0,0,0,0,0,0,0.0
unaccusative_[v [v] [V [V] [DP case_agr]]],1,0.9679080887763726,-98.97931382409246,iMerge,[.. [DP case_agr] [v [v] [V [V] [DP case_agr]]]],0,1,1,0,0,0,0,0,0,0,0,0,0,0,0,0,0,0,0,0,0.0
unaccusative_[v [v] [V [V] [DP case_agr]]],0,0.0003671416482918543,-106.85645849999374,rMerge,[v [v] [V [V] [DP case_agr]]],0,1,0,2,0,0,0,0,0,0,0,0,0,0,0,0,0,0,0,0,0.0
unaccusative_[.. [DP case_agr] [v [v] [V [V] [DP case_agr]]]],0,4.811153963814041e-23,-100.0,Label,[DP case_agr [DP case_agr] [v [v] [V [V] [DP case_agr]]]],0,0,0,0,0,0,0,0,0,0,0,0,0,0,0,1,0,0,0,0,0.0
unaccusative_[.. [DP case_agr] [v [v] [V [V] [DP case_agr]]]],1,1.0,-48.61147982579783,Label,[v [DP case_agr] [v [v] [V [V] [DP case_agr]]]],0,0,0,1,0,0,0,0,0,0,0,0,0,0,0,0,0,1,0,0,0.0
unaccusative_[.. [DP case_agr] [v [v] [V [V] [DP case_agr]]]],0,4.471692774013653e-30,-116.19126558203385,xMerge,[.. [T case] [.. [DP case_agr] [v [v] [V [V] [DP case_agr]]]]],1,0,1,0,0,0,0,0,0,0,0,0,0,0,0,0,0,0,0,0,0.0
unaccusative_[.. [DP case_agr] [v [v] [V [V] [DP case_agr]]]],0,4.471692774013653e-30,-116.19126558203385,xMerge,[.. [C] [.. [DP case_agr] [v [v] [V [V] [DP case_agr]]]]],1,0,1,0,0,0,0,0,0,0,0,0,0,0,0,0,0,0,0,0,0.0
unaccusative_[.. [DP case_agr] [v [v] [V [V] [DP case_agr]]]],0,1.3351425264967127e-22,-98.97931382409246,iMerge,[.. [DP case_agr] [.. [DP case_agr] [v [v] [V [V] [DP case_agr]]]]],0,1,1,0,0,0,0,0,0,0,0,0,0,0,0,0,0,0,0,0,0.0
unaccusative_[.. [DP case_agr] [v [v] [V [V] [DP case_agr]]]],0,1.512601986941367e-46,-154.1165627654916,iMerge,[.. [v [v] [V [V] [DP case_agr]]] [.. [DP case_agr] [v [v] [V [V] [DP case_agr]]]]],0,1,1,2,0,0,0,0,0,0,0,0,0,0,0,0,0,0,0,0,0.0
unaccusative_[.. [DP case_agr] [v [v] [V [V] [DP case_agr]]]],0,1.4211049357555706e-34,-126.54793829479203,iMerge,[.. [V [V] [DP case_agr]] [.. [DP case_agr] [v [v] [V [V] [DP case_agr]]]]],0,1,1,1,0,0,0,0,0,0,0,0,0,0,0,0,0,0,0,0,0.0
unaccusative_[.. [DP case_agr] [v [v] [V [V] [DP case_agr]]]],0,1.3351425264967127e-22,-98.97931382409246,rMerge,[.. [DP case_agr] [v [v] [V [V] [DP case_agr]]]],0,1,1,0,0,0,0,0,0,0,0,0,0,0,0,0,0,0,0,0,0.0
unaccusative_[v [DP case_agr] [v [v] [V [V] [DP case_agr]]]],1,0.9885596826326825,-74.82872873619746,xMerge,[.. [T case] [v [DP case_agr] [v [v] [V [V] [DP case_agr]]]]],0,0,1,1,0,0,0,0,0,0,0,0,0,0,0,0,0,0,0,0,0.0
unaccusative_[v [DP case_agr] [v [v] [V [V] [DP case_agr]]]],0,1.1444054128706737e-30,-143.75989005273343,xMerge,[.. [C] [v [DP case_agr] [v [v] [V [V] [DP case_agr]]]]],1,0,1,1,0,0,0,0,0,0,0,0,0,0,0,0,0,0,0,0,0.0
unaccusative_[v [DP case_agr] [v [v] [V [V] [DP case_agr]]]],0,3.2102367034416705e-11,-98.97931382409246,iMerge,[.. [DP case_agr] [v [DP case_agr] [v [v] [V [V] [DP case_agr]]]]],0,1,1,0,0,0,0,0,0,0,0,0,0,0,0,0,0,0,0,0,0.0
unaccusative_[v [DP case_agr] [v [v] [V [V] [DP case_agr]]]],0,3.416926008772354e-23,-126.54793829479203,iMerge,[.. [V [V] [DP case_agr]] [v [DP case_agr] [v [v] [V [V] [DP case_agr]]]]],0,1,1,1,0,0,0,0,0,0,0,0,0,0,0,0,0,0,0,0,0.0
unaccusative_[v [DP case_agr] [v [v] [V [V] [DP case_agr]]]],0,0.011440317335215222,-79.28783402929416,rMerge,[v [DP case_agr] [v [v] [V [V] [DP case_agr]]]],0,1,0,1,0,0,0,0,0,0,0,0,0,0,0,0,0,0,0,0,0.0
unaccusative_[.. [T case] [v [DP case_agr] [v [v] [V [V] [DP case_agr]]]]],1,0.9999379013095983,-89.2925902669199,Label,[T case [T case] [v [DP case_agr] [v [v] [V [V] [DP case_agr]]]]],0,0,0,2,0,0,0,0,0,0,0,0,0,0,0,0,0,0,1,0,0.0
unaccusative_[.. [T case] [v [DP case_agr] [v [v] [V [V] [DP case_agr]]]]],0,8.53062718364786e-18,-128.59539695458835,Label,[v [T case] [v [DP case_agr] [v [v] [V [V] [DP case_agr]]]]],0,0,0,1,0,0,0,1,0,0,0,0,0,0,0,0,0,1,0,0,0.0
unaccusative_[.. [T case] [v [DP case_agr] [v [v] [V [V] [DP case_agr]]]]],0,2.213733253730989e-24,-143.75989005273343,xMerge,[.. [C] [.. [T case] [v [DP case_agr] [v [v] [V [V] [DP case_agr]]]]]],1,0,1,1,0,0,0,0,0,0,0,0,0,0,0,0,0,0,0,0,0.0
unaccusative_[.. [T case] [v [DP case_agr] [v [v] [V [V] [DP case_agr]]]]],0,7.651700614588255e-47,-195.479099611328,iMerge,[.. [T case] [.. [T case] [v [DP case_agr] [v [v] [V [V] [DP case_agr]]]]]],1,1,1,1,0,0,0,0,0,0,0,0,0,0,0,0,0,0,0,0,0.0
unaccusative_[.. [T case] [v [DP case_agr] [v [v] [V [V] [DP case_agr]]]]],0,6.609688005742133e-17,-126.54793829479203,iMerge,[.. [v [DP case_agr] [v [v] [V [V] [DP case_agr]]]] [.. [T case] [v [DP case_agr] [v [v] [V [V] [DP case_agr]]]]]],0,1,1,1,0,0,0,0,0,0,0,0,0,0,0,0,0,0,0,0,0.0
unaccusative_[.. [T case] [v [DP case_agr] [v [v] [V [V] [DP case_agr]]]]],0,6.209869040142047e-05,-98.97931382409246,iMerge,[.. [DP case_agr] [.. [T case] [v [DP case_agr] [v [v] [V [V] [DP case_agr]]]]]],0,1,1,0,0,0,0,0,0,0,0,0,0,0,0,0,0,0,0,0,0.0
unaccusative_[.. [T case] [v [DP case_agr] [v [v] [V [V] [DP case_agr]]]]],0,6.609688005742133e-17,-126.54793829479203,iMerge,[.. [V [V] [DP case_agr]] [.. [T case] [v [DP case_agr] [v [v] [V [V] [DP case_agr]]]]]],0,1,1,1,0,0,0,0,0,0,0,0,0,0,0,0,0,0,0,0,0.0
unaccusative_[.. [T case] [v [DP case_agr] [v [v] [V [V] [DP case_agr]]]]],0,6.609688005742133e-17,-126.54793829479203,rMerge,[.. [T case] [v [DP case_agr] [v [v] [V [V] [DP case_agr]]]]],0,1,1,1,0,0,0,0,0,0,0,0,0,0,0,0,0,0,0,0,0.0
unaccusative_[T case [T case] [v [DP case_agr] [v [v] [V [V] [DP case_agr]]]]],0,0.031724769574272796,-102.39735320689704,xMerge,[.. [C] [T case [T case] [v [DP case_agr] [v [v] [V [V] [DP case_agr]]]]]],0,0,1,2,0,0,0,0,0,0,0,0,0,0,0,0,0,0,0,0,0.0
unaccusative_[T case [T case] [v [DP case_agr] [v [v] [V [V] [DP case_agr]]]]],0,1.0302263129357475e-12,-126.54793829479203,iMerge,[.. [v [DP case_agr] [v [v] [V [V] [DP case_agr]]]] [T case [T case] [v [DP case_agr] [v [v] [V [V] [DP case_agr]]]]]],0,1,1,1,0,0,0,0,0,0,0,0,0,0,0,0,0,0,0,0,0.0
unaccusative_[T case [T case] [v [DP case_agr] [v [v] [V [V] [DP case_agr]]]]],1,0.9679080887753754,-98.97931382409246,iMerge,[.. [DP case_agr] [T case [T case] [v [DP case_agr] [v [v] [V [V] [DP case_agr]]]]]],0,1,1,0,0,0,0,0,0,0,0,0,0,0,0,0,0,0,0,0,0.0
unaccusative_[T case [T case] [v [DP case_agr] [v [v] [V [V] [DP case_agr]]]]],0,1.0302263129357475e-12,-126.54793829479203,iMerge,[.. [V [V] [DP case_agr]] [T case [T case] [v [DP case_agr] [v [v] [V [V] [DP case_agr]]]]]],0,1,1,1,0,0,0,0,0,0,0,0,0,0,0,0,0,0,0,0,0.0
unaccusative_[T case [T case] [v [DP case_agr] [v [v] [V [V] [DP case_agr]]]]],0,0.0003671416482914761,-106.85645849999374,rMerge,[T case [T case] [v [DP case_agr] [v [v] [V [V] [DP case_agr]]]]],0,1,0,2,0,0,0,0,0,0,0,0,0,0,0,0,0,0,0,0,0.0
unaccusative_[.. [DP case_agr] [T case [T case] [v [DP case_agr] [v [v] [V [V] [DP case_agr]]]]]],1,1.0,0.0,Agree,[.. [DP] [T case [T case] [v [DP case_agr] [v [v] [V [V] [DP case_agr]]]]]],0,0,0,0,0,0,0,0,0,0,0,0,0,0,0,0,0,0,0,0,0.0
unaccusative_[.. [DP case_agr] [T case [T case] [v [DP case_agr] [v [v] [V [V] [DP case_agr]]]]]],0,6.823040664558254e-79,-179.98391712879055,Label,[DP case_agr [DP case_agr] [T case [T case] [v [DP case_agr] [v [v] [V [V] [DP case_agr]]]]]],0,0,0,0,0,0,0,1,0,0,0,0,0,0,0,1,0,0,0,0,0.0
unaccusative_[.. [DP case_agr] [T case [T case] [v [DP case_agr] [v [v] [V [V] [DP case_agr]]]]]],0,1.5617886182247953e-27,-61.72396579622033,Label,[T case [DP case_agr] [T case [T case] [v [DP case_agr] [v [v] [V [V] [DP case_agr]]]]]],0,0,0,1,0,0,0,0,0,0,0,0,0,0,0,0,0,0,1,0,0.0
unaccusative_[.. [DP case_agr] [T case [T case] [v [DP case_agr] [v [v] [V [V] [DP case_agr]]]]]],0,3.457598111777479e-51,-116.19126558203385,xMerge,[.. [C] [.. [DP case_agr] [T case [T case] [v [DP case_agr] [v [v] [V [V] [DP case_agr]]]]]]],1,0,1,0,0,0,0,0,0,0,0,0,0,0,0,0,0,0,0,0,0.0
unaccusative_[.. [DP case_agr] [T case [T case] [v [DP case_agr] [v [v] [V [V] [DP case_agr]]]]]],0,1.0323576577970764e-43,-98.97931382409246,iMerge,[.. [DP case_agr] [.. [DP case_agr] [T case [T case] [v [DP case_agr] [v [v] [V [V] [DP case_agr]]]]]]],0,1,1,0,0,0,0,0,0,0,0,0,0,0,0,0,0,0,0,0,0.0
unaccusative_[.. [DP case_agr] [T case [T case] [v [DP case_agr] [v [v] [V [V] [DP case_agr]]]]]],0,1.1695726961190749e-67,-154.1165627654916,iMerge,[.. [T case [T case] [v [DP case_agr] [v [v] [V [V] [DP case_agr]]]]] [.. [DP case_agr] [T case [T case] [v [DP case_agr] [v [v] [V [V] [DP case_agr]]]]]]],0,1,1,2,0,0,0,0,0,0,0,0,0,0,0,0,0,0,0,0,0.0
unaccusative_[.. [DP case_agr] [T case [T case] [v [DP case_agr] [v [v] [V [V] [DP case_agr]]]]]],0,1.0988254316263798e-55,-126.54793829479203,iMerge,[.. [v [DP case_agr] [v [v] [V [V] [DP case_agr]]]] [.. [DP case_agr] [T case [T case] [v [DP case_agr] [v [v] [V [V] [DP case_agr]]]]]]],0,1,1,1,0,0,0,0,0,0,0,0,0,0,0,0,0,0,0,0,0.0
unaccusative_[.. [DP case_agr] [T case [T case] [v [DP case_agr] [v [v] [V [V] [DP case_agr]]]]]],0,1.0988254316263798e-55,-126.54793829479203,iMerge,[.. [V [V] [DP case_agr]] [.. [DP case_agr] [T case [T case] [v [DP case_agr] [v [v] [V [V] [DP case_agr]]]]]]],0,1,1,1,0,0,0,0,0,0,0,0,0,0,0,0,0,0,0,0,0.0
unaccusative_[.. [DP case_agr] [T case [T case] [v [DP case_agr] [v [v] [V [V] [DP case_agr]]]]]],0,1.0323576577970764e-43,-98.97931382409246,rMerge,[.. [DP case_agr] [T case [T case] [v [DP case_agr] [v [v] [V [V] [DP case_agr]]]]]],0,1,1,0,0,0,0,0,0,0,0,0,0,0,0,0,0,0,0,0,0.0
unaccusative_[.. [DP] [T case [T case] [v [DP case_agr] [v [v] [V [V] [DP case_agr]]]]]],0,4.650013618706754e-64,-179.98391712879055,Label,[DP [DP] [T case [T case] [v [DP case_agr] [v [v] [V [V] [DP case_agr]]]]]],0,0,0,0,0,0,0,1,0,0,0,0,0,0,0,1,0,0,0,0,0.0
unaccusative_[.. [DP] [T case [T case] [v [DP case_agr] [v [v] [V [V] [DP case_agr]]]]]],1,1.0,-34.155341325520745,Label,[T [DP] [T case [T case] [v [DP case_agr] [v [v] [V [V] [DP case_agr]]]]]],0,0,0,0,0,0,0,0,0,0,0,0,0,0,0,0,0,0,1,0,0.0
unaccusative_[.. [DP] [T case [T case] [v [DP case_agr] [v [v] [V [V] [DP case_agr]]]]]],0,2.3564095684341007e-36,-116.19126558203385,xMerge,[.. [C] [.. [DP] [T case [T case] [v [DP case_agr] [v [v] [V [V] [DP case_agr]]]]]]],1,0,1,0,0,0,0,0,0,0,0,0,0,0,0,0,0,0,0,0,0.0
unaccusative_[.. [DP] [T case [T case] [v [DP case_agr] [v [v] [V [V] [DP case_agr]]]]]],0,7.035686000038535e-29,-98.97931382409246,iMerge,[.. [DP] [.. [DP] [T case [T case] [v [DP case_agr] [v [v] [V [V] [DP case_agr]]]]]]],0,1,1,0,0,0,0,0,0,0,0,0,0,0,0,0,0,0,0,0,0.0
unaccusative_[.. [DP] [T case [T case] [v [DP case_agr] [v [v] [V [V] [DP case_agr]]]]]],0,7.9708288905139955e-53,-154.1165627654916,iMerge,[.. [T case [T case] [v [DP case_agr] [v [v] [V [V] [DP case_agr]]]]] [.. [DP] [T case [T case] [v [DP case_agr] [v [v] [V [V] [DP case_agr]]]]]]],0,1,1,2,0,0,0,0,0,0,0,0,0,0,0,0,0,0,0,0,0.0
unaccusative_[.. [DP] [T case [T case] [v [DP case_agr] [v [v] [V [V] [DP case_agr]]]]]],0,7.488674731465641e-41,-126.54793829479203,iMerge,[.. [v [DP case_agr] [v [v] [V [V] [DP case_agr]]]] [.. [DP] [T case [T case] [v [DP case_agr] [v [v] [V [V] [DP case_agr]]]]]]],0,1,1,1,0,0,0,0,0,0,0,0,0,0,0,0,0,0,0,0,0.0
unaccusative_[.. [DP] [T case [T case] [v [DP case_agr] [v [v] [V [V] [DP case_agr]]]]]],0,7.488674731465641e-41,-126.54793829479203,iMerge,[.. [V [V] [DP case_agr]] [.. [DP] [T case [T case] [v [DP case_agr] [v [v] [V [V] [DP case_agr]]]]]]],0,1,1,1,0,0,0,0,0,0,0,0,0,0,0,0,0,0,0,0,0.0
unaccusative_[.. [DP] [T case [T case] [v [DP case_agr] [v [v] [V [V] [DP case_agr]]]]]],0,7.035686000038535e-29,-98.97931382409246,rMerge,[.. [DP] [T case [T case] [v [DP case_agr] [v [v] [V [V] [DP case_agr]]]]]],0,1,1,0,0,0,0,0,0,0,0,0,0,0,0,0,0,0,0,0,0.0
unaccusative_[T [DP] [T case [T case] [v [DP case_agr] [v [v] [V [V] [DP case_agr]]]]]],1,0.9885596826644174,-47.26010426549789,xMerge,[.. [C] [T [DP] [T case [T case] [v [DP case_agr] [v [v] [V [V] [DP case_agr]]]]]]],0,0,1,0,0,0,0,0,0,0,0,0,0,0,0,0,0,0,0,0,0.0
unaccusative_[T [DP] [T case [T case] [v [DP case_agr] [v [v] [V [V] [DP case_agr]]]]]],0,3.416926008882045e-23,-98.97931382409246,iMerge,[.. [DP] [T [DP] [T case [T case] [v [DP case_agr] [v [v] [V [V] [DP case_agr]]]]]]],0,1,1,0,0,0,0,0,0,0,0,0,0,0,0,0,0,0,0,0,0.0
unaccusative_[T [DP] [T case [T case] [v [DP case_agr] [v [v] [V [V] [DP case_agr]]]]]],0,3.6369228902288377e-35,-126.54793829479203,iMerge,[.. [v [DP case_agr] [v [v] [V [V] [DP case_agr]]]] [T [DP] [T case [T case] [v [DP case_agr] [v [v] [V [V] [DP case_agr]]]]]]],0,1,1,1,0,0,0,0,0,0,0,0,0,0,0,0,0,0,0,0,0.0
unaccusative_[T [DP] [T case [T case] [v [DP case_agr] [v [v] [V [V] [DP case_agr]]]]]],0,3.6369228902288377e-35,-126.54793829479203,iMerge,[.. [V [V] [DP case_agr]] [T [DP] [T case [T case] [v [DP case_agr] [v [v] [V [V] [DP case_agr]]]]]]],0,1,1,1,0,0,0,0,0,0,0,0,0,0,0,0,0,0,0,0,0.0
unaccusative_[T [DP] [T case [T case] [v [DP case_agr] [v [v] [V [V] [DP case_agr]]]]]],0,0.011440317335582562,-51.71920955859458,rMerge,[T [DP] [T case [T case] [v [DP case_agr] [v [v] [V [V] [DP case_agr]]]]]],0,1,0,0,0,0,0,0,0,0,0,0,0,0,0,0,0,0,0,0,0.0
unaccusative_[.. [C] [T [DP] [T case [T case] [v [DP case_agr] [v [v] [V [V] [DP case_agr]]]]]]],1,0.9999999999999984,0.0,Label,[C [C] [T [DP] [T case [T case] [v [DP case_agr] [v [v] [V [V] [DP case_agr]]]]]]],0,0,0,0,0,0,0,0,0,0,0,0,0,0,0,0,0,0,0,1,0.0
unaccusative_[.. [C] [T [DP] [T case [T case] [v [DP case_agr] [v [v] [V [V] [DP case_agr]]]]]]],0,1.4673162756146601e-15,-34.155341325520745,Label,[T [C] [T [DP] [T case [T case] [v [DP case_agr] [v [v] [V [V] [DP case_agr]]]]]]],0,0,0,0,0,0,0,0,0,0,0,0,0,0,0,0,0,0,1,0,0.0
unaccusative_[.. [C] [T [DP] [T case [T case] [v [DP case_agr] [v [v] [V [V] [DP case_agr]]]]]]],0,1.195108107641132e-73,-167.91047514062842,iMerge,[.. [C] [.. [C] [T [DP] [T case [T case] [v [DP case_agr] [v [v] [V [V] [DP case_agr]]]]]]]],1,1,1,0,0,0,0,0,0,0,0,0,0,0,0,0,0,0,0,0,0.0
unaccusative_[.. [C] [T [DP] [T case [T case] [v [DP case_agr] [v [v] [V [V] [DP case_agr]]]]]]],0,1.0323576577970748e-43,-98.97931382409246,iMerge,[.. [T [DP] [T case [T case] [v [DP case_agr] [v [v] [V [V] [DP case_agr]]]]]] [.. [C] [T [DP] [T case [T case] [v [DP case_agr] [v [v] [V [V] [DP case_agr]]]]]]]],0,1,1,0,0,0,0,0,0,0,0,0,0,0,0,0,0,0,0,0,0.0
unaccusative_[.. [C] [T [DP] [T case [T case] [v [DP case_agr] [v [v] [V [V] [DP case_agr]]]]]]],0,1.0323576577970748e-43,-98.97931382409246,iMerge,[.. [DP] [.. [C] [T [DP] [T case [T case] [v [DP case_agr] [v [v] [V [V] [DP case_agr]]]]]]]],0,1,1,0,0,0,0,0,0,0,0,0,0,0,0,0,0,0,0,0,0.0
unaccusative_[.. [C] [T [DP] [T case [T case] [v [DP case_agr] [v [v] [V [V] [DP case_agr]]]]]]],0,1.0988254316263782e-55,-126.54793829479203,iMerge,[.. [v [DP case_agr] [v [v] [V [V] [DP case_agr]]]] [.. [C] [T [DP] [T case [T case] [v [DP case_agr] [v [v] [V [V] [DP case_agr]]]]]]]],0,1,1,1,0,0,0,0,0,0,0,0,0,0,0,0,0,0,0,0,0.0
unaccusative_[.. [C] [T [DP] [T case [T case] [v [DP case_agr] [v [v] [V [V] [DP case_agr]]]]]]],0,1.0988254316263782e-55,-126.54793829479203,iMerge,[.. [V [V] [DP case_agr]] [.. [C] [T [DP] [T case [T case] [v [DP case_agr] [v [v] [V [V] [DP case_agr]]]]]]]],0,1,1,1,0,0,0,0,0,0,0,0,0,0,0,0,0,0,0,0,0.0
unaccusative_[.. [C] [T [DP] [T case [T case] [v [DP case_agr] [v [v] [V [V] [DP case_agr]]]]]]],0,1.0323576577970748e-43,-98.97931382409246,rMerge,[.. [C] [T [DP] [T case [T case] [v [DP case_agr] [v [v] [V [V] [DP case_agr]]]]]]],0,1,1,0,0,0,0,0,0,0,0,0,0,0,0,0,0,0,0,0,0.0
unaccusative_[C [C] [T [DP] [T case [T case] [v [DP case_agr] [v [v] [V [V] [DP case_agr]]]]]]],0,2.9867405847689703e-21,-98.97931382409246,iMerge,[.. [T [DP] [T case [T case] [v [DP case_agr] [v [v] [V [V] [DP case_agr]]]]]] [C [C] [T [DP] [T case [T case] [v [DP case_agr] [v [v] [V [V] [DP case_agr]]]]]]]],0,1,1,0,0,0,0,0,0,0,0,0,0,0,0,0,0,0,0,0,0.0
unaccusative_[C [C] [T [DP] [T case [T case] [v [DP case_agr] [v [v] [V [V] [DP case_agr]]]]]]],0,2.9867405847689703e-21,-98.97931382409246,iMerge,[.. [DP] [C [C] [T [DP] [T case [T case] [v [DP case_agr] [v [v] [V [V] [DP case_agr]]]]]]]],0,1,1,0,0,0,0,0,0,0,0,0,0,0,0,0,0,0,0,0,0.0
unaccusative_[C [C] [T [DP] [T case [T case] [v [DP case_agr] [v [v] [V [V] [DP case_agr]]]]]]],0,3.179040216757797e-33,-126.54793829479203,iMerge,[.. [v [DP case_agr] [v [v] [V [V] [DP case_agr]]]] [C [C] [T [DP] [T case [T case] [v [DP case_agr] [v [v] [V [V] [DP case_agr]]]]]]]],0,1,1,1,0,0,0,0,0,0,0,0,0,0,0,0,0,0,0,0,0.0
unaccusative_[C [C] [T [DP] [T case [T case] [v [DP case_agr] [v [v] [V [V] [DP case_agr]]]]]]],0,3.179040216757797e-33,-126.54793829479203,iMerge,[.. [V [V] [DP case_agr]] [C [C] [T [DP] [T case [T case] [v [DP case_agr] [v [v] [V [V] [DP case_agr]]]]]]]],0,1,1,1,0,0,0,0,0,0,0,0,0,0,0,0,0,0,0,0,0.0
unaccusative_[C [C] [T [DP] [T case [T case] [v [DP case_agr] [v [v] [V [V] [DP case_agr]]]]]]],1,1.0,-51.71920955859458,rMerge,[C [C] [T [DP] [T case [T case] [v [DP case_agr] [v [v] [V [V] [DP case_agr]]]]]]],0,1,0,0,0,0,0,0,0,0,0,0,0,0,0,0,0,0,0,0,0.0
remnant_[DP foc],1,0.9885596826644174,-47.26010426549789,xMerge,[.. [V wh] [DP foc]],0,0,1,0,0,0,0,0,0,0,0,0,0,0,0,0,0,0,0,0,0.0
remnant_[DP foc],0,1.1444054129074116e-30,-116.19126558203385,xMerge,[.. [v] [DP foc]],1,0,1,0,0,0,0,0,0,0,0,0,0,0,0,0,0,0,0,0,0.0
remnant_[DP foc],0,1.1444054129074116e-30,-116.19126558203385,xMerge,[.. [DP2 case_agr] [DP foc]],1,0,1,0,0,0,0,0,0,0,0,0,0,0,0,0,0,0,0,0,0.0
remnant_[DP foc],0,1.1444054129074116e-30,-116.19126558203385,xMerge,[.. [T case] [DP foc]],1,0,1,0,0,0,0,0,0,0,0,0,0,0,0,0,0,0,0,0,0.0
remnant_[DP foc],0,1.1444054129074116e-30,-116.19126558203385,xMerge,[.. [C] [DP foc]],1,0,1,0,0,0,0,0,0,0,0,0,0,0,0,0,0,0,0,0,0.0
remnant_[DP foc],0,0.011440317335582562,-51.71920955859458,rMerge,[DP foc],0,1,0,0,0,0,0,0,0,0,0,0,0,0,0,0,0,0,0,0,0.0
remnant_[.. [V wh] [DP foc]],1,0.9993518664387686,-90.94539369720151,Label,[V wh [V wh] [DP foc]],0,0,0,0,0,0,0,0,0,1,0,0,0,0,0,0,1,0,0,0,0.0
remnant_[.. [V wh] [DP foc]],0,4.830649889061999e-09,-110.09303017924341,Label,[DP foc [V wh] [DP foc]],0,0,0,0,0,0,0,0,1,0,0,0,0,0,0,1,0,0,0,0,0.0
remnant_[.. [V wh] [DP foc]],0,1.0853644122325212e-11,-116.19126558203385,xMerge,[.. [v] [.. [V wh] [DP foc]]],1,0,1,0,0,0,0,0,0,0,0,0,0,0,0,0,0,0,0,0,0.0
remnant_[.. [V wh] [DP foc]],0,1.0853644122325212e-11,-116.19126558203385,xMerge,[.. [DP2 case_agr] [.. [V wh] [DP foc]]],1,0,1,0,0,0,0,0,0,0,0,0,0,0,0,0,0,0,0,0,0.0
remnant_[.. [V wh] [DP foc]],0,1.0853644122325212e-11,-116.19126558203385,xMerge,[.. [T case] [.. [V wh] [DP foc]]],1,0,1,0,0,0,0,0,0,0,0,0,0,0,0,0,0,0,0,0,0.0
remnant_[.. [V wh] [DP foc]],0,1.0853644122325212e-11,-116.19126558203385,xMerge,[.. [C] [.. [V wh] [DP foc]]],1,0,1,0,0,0,0,0,0,0,0,0,0,0,0,0,0,0,0,0,0.0
remnant_[.. [V wh] [DP foc]],0,3.751528566567309e-34,-167.91047514062842,iMerge,[.. [V wh] [.. [V wh] [DP foc]]],1,1,1,0,0,0,0,0,0,0,0,0,0,0,0,0,0,0,0,0,0.0
remnant_[.. [V wh] [DP foc]],0,0.00032406434358348506,-98.97931382409246,iMerge,[.. [DP foc] [.. [V wh] [DP foc]]],0,1,1,0,0,0,0,0,0,0,0,0,0,0,0,0,0,0,0,0,0.0
remnant_[.. [V wh] [DP foc]],0,0.00032406434358348506,-98.97931382409246,rMerge,[.. [V wh] [DP foc]],0,1,1,0,0,0,0,0,0,0,0,0,0,0,0,0,0,0,0,0,0.0
remnant_[V wh [V wh] [DP foc]],1,0.9885596826641891,-69.89361908766398,xMerge,[.. [v] [V wh [V wh] [DP foc]]],0,0,1,0,0,0,0,0,0,1,0,0,0,0,0,0,0,0,0,0,0.0
remnant_[V wh [V wh] [DP foc]],0,1.1444054129071473e-30,-138.82478040419994,xMerge,[.. [DP2 case_agr] [V wh [V wh] [DP foc]]],1,0,1,0,0,0,0,0,0,1,0,0,0,0,0,0,0,0,0,0,0.0
remnant_[V wh [V wh] [DP foc]],0,1.1444054129071473e-30,-138.82478040419994,xMerge,[.. [T case] [V wh [V wh] [DP foc]]],1,0,1,0,0,0,0,0,0,1,0,0,0,0,0,0,0,0,0,0,0.0
remnant_[V wh [V wh] [DP foc]],0,1.1444054129071473e-30,-138.82478040419994,xMerge,[.. [C] [V wh [V wh] [DP foc]]],1,0,1,0,0,0,0,0,0,1,0,0,0,0,0,0,0,0,0,0,0.0
remnant_[V wh [V wh] [DP foc]],0,2.3080550756622407e-13,-98.97931382409246,iMerge,[.. [DP foc] [V wh [V wh] [DP foc]]],0,1,1,0,0,0,0,0,0,0,0,0,0,0,0,0,0,0,0,0,0.0
remnant_[V wh [V wh] [DP foc]],0,0.011440317335580003,-74.35272438076066,rMerge,[V wh [V wh] [DP foc]],0,1,0,0,0,0,0,0,0,1,0,0,0,0,0,0,0,0,0,0,0.0
remnant_[.. [v] [V wh [V wh] [DP foc]]],1,0.999999516471114,-76.40291517867382,Label,[v [v] [V wh [V wh] [DP foc]]],0,0,0,0,0,0,0,0,1,2,0,0,0,0,0,0,0,1,0,0,0.0
remnant_[.. [v] [V wh [V wh] [DP foc]]],0,4.833721408270882e-07,-90.94539369720151,Label,[V wh [v] [V wh [V wh] [DP foc]]],0,0,0,0,0,0,0,0,0,1,0,0,0,0,0,0,1,0,0,0,0.0
remnant_[.. [v] [V wh [V wh] [DP foc]]],0,7.7719173317194125e-28,-138.82478040419994,xMerge,[.. [DP2 case_agr] [.. [v] [V wh [V wh] [DP foc]]]],1,0,1,0,0,0,0,0,0,1,0,0,0,0,0,0,0,0,0,0,0.0
remnant_[.. [v] [V wh [V wh] [DP foc]]],0,7.7719173317194125e-28,-138.82478040419994,xMerge,[.. [T case] [.. [v] [V wh [V wh] [DP foc]]]],1,0,1,0,0,0,0,0,0,1,0,0,0,0,0,0,0,0,0,0,0.0
remnant_[.. [v] [V wh [V wh] [DP foc]]],0,7.7719173317194125e-28,-138.82478040419994,xMerge,[.. [C] [.. [v] [V wh [V wh] [DP foc]]]],1,0,1,0,0,0,0,0,0,1,0,0,0,0,0,0,0,0,0,0,0.0
remnant_[.. [v] [V wh [V wh] [DP foc]]],0,2.686339220112429e-50,-190.5439899627945,iMerge,[.. [v] [.. [v] [V wh [V wh] [DP foc]]]],1,1,1,0,0,0,0,0,0,1,0,0,0,0,0,0,0,0,0,0,0.0
remnant_[.. [v] [V wh [V wh] [DP foc]]],0,2.3205121340842286e-20,-121.61282864625855,iMerge,[.. [V wh [V wh] [DP foc]] [.. [v] [V wh [V wh] [DP foc]]]],0,1,1,0,0,0,0,0,0,1,0,0,0,0,0,0,0,0,0,0,0.0
remnant_[.. [v] [V wh [V wh] [DP foc]]],0,1.5674526739203524e-10,-98.97931382409246,iMerge,[.. [DP foc] [.. [v] [V wh [V wh] [DP foc]]]],0,1,1,0,0,0,0,0,0,0,0,0,0,0,0,0,0,0,0,0,0.0
remnant_[.. [v] [V wh [V wh] [DP foc]]],0,2.3205121340842286e-20,-121.61282864625855,rMerge,[.. [v] [V wh [V wh] [DP foc]]],0,1,1,0,0,0,0,0,0,1,0,0,0,0,0,0,0,0,0,0,0.0
remnant_[v [v] [V wh [V wh] [DP foc]]],1,0.9870208738940421,-102.62016408907347,xMerge,[.. [DP2 case_agr] [v [v] [V wh [V wh] [DP foc]]]],0,0,1,0,0,0,0,0,1,2,0,0,0,0,0,0,0,0,0,0,0.0
remnant_[v [v] [V wh [V wh] [DP foc]]],0,1.142624012029807e-30,-171.55132540560945,xMerge,[.. [T case] [v [v] [V wh [V wh] [DP foc]]]],1,0,1,0,0,0,0,0,1,2,0,0,0,0,0,0,0,0,0,0,0.0
remnant_[v [v] [V wh [V wh] [DP foc]]],0,1.142624012029807e-30,-171.55132540560945,xMerge,[.. [C] [v [v] [V wh [V wh] [DP foc]]]],1,0,1,0,0,0,0,0,1,2,0,0,0,0,0,0,0,0,0,0,0.0
remnant_[v [v] [V wh [V wh] [DP foc]]],0,5.57079174754031e-09,-121.61282864625855,iMerge,[.. [V wh [V wh] [DP foc]] [v [v] [V wh [V wh] [DP foc]]]],0,1,1,0,0,0,0,0,0,1,0,0,0,0,0,0,0,0,0,0,0.0
remnant_[v [v] [V wh [V wh] [DP foc]]],0,0.001556611391603346,-109.07234400333587,iMerge,[.. [DP foc] [v [v] [V wh [V wh] [DP foc]]]],0,1,1,0,0,0,0,0,1,0,0,0,0,0,0,0,0,0,0,0,0.0
remnant_[v [v] [V wh [V wh] [DP foc]]],0,0.011422509143562732,-107.07926938217017,rMerge,[v [v] [V wh [V wh] [DP foc]]],0,1,0,0,0,0,0,0,1,2,0,0,0,0,0,0,0,0,0,0,0.0
remnant_[.. [DP2 case_agr] [v [v] [V wh [V wh] [DP foc]]]],1,0.9999998729330404,-88.08691474240308,Label,[DP2 case_agr [DP2 case_agr] [v [v] [V wh [V wh] [DP foc]]]],0,0,0,0,0,0,0,0,2,3,0,0,0,0,0,0,0,0,0,0,1.0
remnant_[.. [DP2 case_agr] [v [v] [V wh [V wh] [DP foc]]]],0,1.2629757172304378e-07,-103.97153964937343,Label,[v [DP2 case_agr] [v [v] [V wh [V wh] [DP foc]]]],0,0,0,1,0,0,0,0,1,2,0,0,0,0,0,0,0,1,0,0,0.0
remnant_[.. [DP2 case_agr] [v [v] [V wh [V wh] [DP foc]]]],0,5.647639388494059e-37,-171.55132540560945,xMerge,[.. [T case] [.. [DP2 case_agr] [v [v] [V wh [V wh] [DP foc]]]]],1,0,1,0,0,0,0,0,1,2,0,0,0,0,0,0,0,0,0,0,0.0
remnant_[.. [DP2 case_agr] [v [v] [V wh [V wh] [DP foc]]]],0,5.647639388494059e-37,-171.55132540560945,xMerge,[.. [C] [.. [DP2 case_agr] [v [v] [V wh [V wh] [DP foc]]]]],1,0,1,0,0,0,0,0,1,2,0,0,0,0,0,0,0,0,0,0,0.0
remnant_[.. [DP2 case_agr] [v [v] [V wh [V wh] [DP foc]]]],0,1.9520891104237873e-59,-223.27053496420402,iMerge,[.. [DP2 case_agr] [.. [DP2 case_agr] [v [v] [V wh [V wh] [DP foc]]]]],1,1,1,0,0,0,0,0,1,2,0,0,0,0,0,0,0,0,0,0,0.0
remnant_[.. [DP2 case_agr] [v [v] [V wh [V wh] [DP foc]]]],0,1.6862525900070445e-29,-154.33937364766805,iMerge,[.. [v [v] [V wh [V wh] [DP foc]]] [.. [DP2 case_agr] [v [v] [V wh [V wh] [DP foc]]]]],0,1,1,0,0,0,0,0,1,2,0,0,0,0,0,0,0,0,0,0,0.0
remnant_[.. [DP2 case_agr] [v [v] [V wh [V wh] [DP foc]]]],0,2.7534711827573236e-15,-121.61282864625855,iMerge,[.. [V wh [V wh] [DP foc]] [.. [DP2 case_agr] [v [v] [V wh [V wh] [DP foc]]]]],0,1,1,0,0,0,0,0,0,1,0,0,0,0,0,0,0,0,0,0,0.0
remnant_[.. [DP2 case_agr] [v [v] [V wh [V wh] [DP foc]]]],0,7.693851796603305e-10,-109.07234400333587,iMerge,[.. [DP foc] [.. [DP2 case_agr] [v [v] [V wh [V wh] [DP foc]]]]],0,1,1,0,0,0,0,0,1,0,0,0,0,0,0,0,0,0,0,0,0.0
remnant_[.. [DP2 case_agr] [v [v] [V wh [V wh] [DP foc]]]],0,1.6862525900070445e-29,-154.33937364766805,rMerge,[.. [DP2 case_agr] [v [v] [V wh [V wh] [DP foc]]]],0,1,1,0,0,0,0,0,1,2,0,0,0,0,0,0,0,0,0,0,0.0
remnant_[DP2 case_agr [DP2 case_agr] [v [v] [V wh [V wh] [DP foc]]]],0,3.8133737552780564e-23,-170.70334296339652,mtAgree,[DP2 [DP2 case_agr] [v [v] [V wh [V wh] [DP foc]]]],0,0,0,0,0,0,0,0,2,3,0,1,0,0,0,0,0,0,0,0,0.0
remnant_[DP2 case_agr [DP2 case_agr] [v [v] [V wh [V wh] [DP foc]]]],0,8.63973382794463e-08,-135.34670909048296,xMerge,[.. [T case] [DP2 case_agr [DP2 case_agr] [v [v] [V wh [V wh] [DP foc]]]]],0,0,1,0,0,0,0,0,2,3,0,0,0,0,0,0,0,0,0,0,0.0
remnant_[DP2 case_agr [DP2 case_agr] [v [v] [V wh [V wh] [DP foc]]]],0,1.0001781715525665e-37,-204.27787040701895,xMerge,[.. [C] [DP2 case_agr [DP2 case_agr] [v [v] [V wh [V wh] [DP foc]]]]],1,0,1,0,0,0,0,0,2,3,0,0,0,0,0,0,0,0,0,0,0.0
remnant_[DP2 case_agr [DP2 case_agr] [v [v] [V wh [V wh] [DP foc]]]],0,4.876305981227399e-16,-154.33937364766805,iMerge,[.. [v [v] [V wh [V wh] [DP foc]]] [DP2 case_agr [DP2 case_agr] [v [v] [V wh [V wh] [DP foc]]]]],0,1,1,0,0,0,0,0,1,2,0,0,0,0,0,0,0,0,0,0,0.0
remnant_[DP2 case_agr [DP2 case_agr] [v [v] [V wh [V wh] [DP foc]]]],0,0.0796248917699852,-121.61282864625855,iMerge,[.. [V wh [V wh] [DP foc]] [DP2 case_agr [DP2 case_agr] [v [v] [V wh [V wh] [DP foc]]]]],0,1,1,0,0,0,0,0,0,1,0,0,0,0,0,0,0,0,0,0,0.0
remnant_[DP2 case_agr [DP2 case_agr] [v [v] [V wh [V wh] [DP foc]]]],1,0.9203750208328243,-119.16537418257927,iMerge,[.. [DP foc] [DP2 case_agr [DP2 case_agr] [v [v] [V wh [V wh] [DP foc]]]]],0,1,1,0,0,0,0,0,2,0,0,0,0,0,0,0,0,0,0,0,0.0
remnant_[DP2 case_agr [DP2 case_agr] [v [v] [V wh [V wh] [DP foc]]]],0,9.998515863023034e-10,-139.80581438357967,rMerge,[DP2 case_agr [DP2 case_agr] [v [v] [V wh [V wh] [DP foc]]]],0,1,0,0,0,0,0,0,2,3,0,0,0,0,0,0,0,0,0,0,0.0
remnant_[.. [DP foc] [DP2 case_agr [DP2 case_agr] [v [v] [V wh [V wh] [DP foc]]]]],0,1.1067466207800754e-50,-157.84771500842982,Label,[DP foc [DP foc] [DP2 case_agr [DP2 case_agr] [v [v] [V wh [V wh] [DP foc]]]]],0,0,0,1,0,0,0,0,3,0,0,0,0,0,0,1,0,0,0,0,0.0
remnant_[.. [DP foc] [DP2 case_agr [DP2 case_agr] [v [v] [V wh [V wh] [DP foc]]]]],1,1.0,-42.81988509807092,Label,[DP2 case_agr [DP foc] [DP2 case_agr [DP2 case_agr] [v [v] [V wh [V wh] [DP foc]]]]],0,0,0,0,0,0,0,0,2,1,0,0,0,0,0,0,0,0,0,0,1.0
remnant_[.. [DP foc] [DP2 case_agr [DP2 case_agr] [v [v] [V wh [V wh] [DP foc]]]]],0,2.3362520804747245e-41,-136.37732594052068,xMerge,[.. [T case] [.. [DP foc] [DP2 case_agr [DP2 case_agr] [v [v] [V wh [V wh] [DP foc]]]]]],1,0,1,0,0,0,0,0,2,0,0,0,0,0,0,0,0,0,0,0,0.0
remnant_[.. [DP foc] [DP2 case_agr [DP2 case_agr] [v [v] [V wh [V wh] [DP foc]]]]],0,2.3362520804747245e-41,-136.37732594052068,xMerge,[.. [C] [.. [DP foc] [DP2 case_agr [DP2 case_agr] [v [v] [V wh [V wh] [DP foc]]]]]],1,0,1,0,0,0,0,0,2,0,0,0,0,0,0,0,0,0,0,0,0.0
remnant_[.. [DP foc] [DP2 case_agr [DP2 case_agr] [v [v] [V wh [V wh] [DP foc]]]]],0,6.975500471286953e-34,-119.16537418257927,iMerge,[.. [DP foc] [.. [DP foc] [DP2 case_agr [DP2 case_agr] [v [v] [V wh [V wh] [DP foc]]]]]],0,1,1,0,0,0,0,0,2,0,0,0,0,0,0,0,0,0,0,0,0.0
remnant_[.. [DP foc] [DP2 case_agr [DP2 case_agr] [v [v] [V wh [V wh] [DP foc]]]]],0,2.263307655319025e-63,-187.06591864907753,iMerge,[.. [DP2 case_agr [DP2 case_agr] [v [v] [V wh [V wh] [DP foc]]]] [.. [DP foc] [DP2 case_agr [DP2 case_agr] [v [v] [V wh [V wh] [DP foc]]]]]],0,1,1,0,0,0,0,0,2,3,0,0,0,0,0,0,0,0,0,0,0.0
remnant_[.. [DP foc] [DP2 case_agr [DP2 case_agr] [v [v] [V wh [V wh] [DP foc]]]]],0,3.69574074700681e-49,-154.33937364766805,iMerge,[.. [v [v] [V wh [V wh] [DP foc]]] [.. [DP foc] [DP2 case_agr [DP2 case_agr] [v [v] [V wh [V wh] [DP foc]]]]]],0,1,1,0,0,0,0,0,1,2,0,0,0,0,0,0,0,0,0,0,0.0
remnant_[.. [DP foc] [DP2 case_agr [DP2 case_agr] [v [v] [V wh [V wh] [DP foc]]]]],0,6.034751677257772e-35,-121.61282864625855,iMerge,[.. [V wh [V wh] [DP foc]] [.. [DP foc] [DP2 case_agr [DP2 case_agr] [v [v] [V wh [V wh] [DP foc]]]]]],0,1,1,0,0,0,0,0,0,1,0,0,0,0,0,0,0,0,0,0,0.0
remnant_[.. [DP foc] [DP2 case_agr [DP2 case_agr] [v [v] [V wh [V wh] [DP foc]]]]],0,6.975500471286953e-34,-119.16537418257927,rMerge,[.. [DP foc] [DP2 case_agr [DP2 case_agr] [v [v] [V wh [V wh] [DP foc]]]]],0,1,1,0,0,0,0,0,2,0,0,0,0,0,0,0,0,0,0,0,0.0
remnant_[DP2 case_agr [DP foc] [DP2 case_agr [DP2 case_agr] [v [v] [V wh [V wh] [DP foc]]]]],0,4.3632681567163047e-16,-125.43631331906435,mtAgree,[DP2 [DP foc] [DP2 case_agr [DP2 case_agr] [v [v] [V wh [V wh] [DP foc]]]]],0,0,0,0,0,0,0,0,2,1,0,1,0,0,0,0,0,0,0,0,0.0
remnant_[DP2 case_agr [DP foc] [DP2 case_agr [DP2 case_agr] [v [v] [V wh [V wh] [DP foc]]]]],1,0.9885596826641692,-90.07967944615079,xMerge,[.. [T case] [DP2 case_agr [DP foc] [DP2 case_agr [DP2 case_agr] [v [v] [V wh [V wh] [DP foc]]]]]],0,0,1,0,0,0,0,0,2,1,0,0,0,0,0,0,0,0,0,0,0.0
remnant_[DP2 case_agr [DP foc] [DP2 case_agr [DP2 case_agr] [v [v] [V wh [V wh] [DP foc]]]]],0,1.144405412907108e-30,-159.01084076268677,xMerge,[.. [C] [DP2 case_agr [DP foc] [DP2 case_agr [DP2 case_agr] [v [v] [V wh [V wh] [DP foc]]]]]],1,0,1,0,0,0,0,0,2,1,0,0,0,0,0,0,0,0,0,0,0.0
remnant_[DP2 case_agr [DP foc] [DP2 case_agr [DP2 case_agr] [v [v] [V wh [V wh] [DP foc]]]]],0,2.3080550756621943e-13,-119.16537418257927,iMerge,[.. [DP foc] [DP2 case_agr [DP foc] [DP2 case_agr [DP2 case_agr] [v [v] [V wh [V wh] [DP foc]]]]]],0,1,1,0,0,0,0,0,2,0,0,0,0,0,0,0,0,0,0,0,0.0
remnant_[DP2 case_agr [DP foc] [DP2 case_agr [DP2 case_agr] [v [v] [V wh [V wh] [DP foc]]]]],0,1.222847482352318e-28,-154.33937364766805,iMerge,[.. [v [v] [V wh [V wh] [DP foc]]] [DP2 case_agr [DP foc] [DP2 case_agr [DP2 case_agr] [v [v] [V wh [V wh] [DP foc]]]]]],0,1,1,0,0,0,0,0,1,2,0,0,0,0,0,0,0,0,0,0,0.0
remnant_[DP2 case_agr [DP foc] [DP2 case_agr [DP2 case_agr] [v [v] [V wh [V wh] [DP foc]]]]],0,1.996779915131449e-14,-121.61282864625855,iMerge,[.. [V wh [V wh] [DP foc]] [DP2 case_agr [DP foc] [DP2 case_agr [DP2 case_agr] [v [v] [V wh [V wh] [DP foc]]]]]],0,1,1,0,0,0,0,0,0,1,0,0,0,0,0,0,0,0,0,0,0.0
remnant_[DP2 case_agr [DP foc] [DP2 case_agr [DP2 case_agr] [v [v] [V wh [V wh] [DP foc]]]]],0,0.01144031733557961,-94.53878473924749,rMerge,[DP2 case_agr [DP foc] [DP2 case_agr [DP2 case_agr] [v [v] [V wh [V wh] [DP foc]]]]],0,1,0,0,0,0,0,0,2,1,0,0,0,0,0,0,0,0,0,0,0.0
remnant_[.. [T case] [DP2 case_agr [DP foc] [DP2 case_agr [DP2 case_agr] [v [v] [V wh [V wh] [DP foc]]]]]],1,1.0,-42.819575180652905,Agree,[.. [T case] [DP2 [DP foc] [DP2 case_agr [DP2 case_agr] [v [v] [V wh [V wh] [DP foc]]]]]],0,0,0,0,0,0,0,0,2,1,0,0,0,0,0,0,0,0,0,0,0.0
remnant_[.. [T case] [DP2 case_agr [DP foc] [DP2 case_agr [DP2 case_agr] [v [v] [V wh [V wh] [DP foc]]]]]],0,9.564545723292824e-42,-137.2700859782827,Label,[T case [T case] [DP2 case_agr [DP foc] [DP2 case_agr [DP2 case_agr] [v [v] [V wh [V wh] [DP foc]]]]]],0,0,0,1,0,0,0,0,3,2,0,0,0,0,0,0,0,0,1,0,0.0
remnant_[.. [T case] [DP2 case_agr [DP foc] [DP2 case_agr [DP2 case_agr] [v [v] [V wh [V wh] [DP foc]]]]]],0,1.8335449213989467e-35,-122.80380222686145,Label,[DP2 case_agr [T case] [DP2 case_agr [DP foc] [DP2 case_agr [DP2 case_agr] [v [v] [V wh [V wh] [DP foc]]]]]],0,0,0,0,0,0,0,1,2,1,0,0,0,0,0,0,0,0,0,0,1.0
remnant_[.. [T case] [DP2 case_agr [DP foc] [DP2 case_agr [DP2 case_agr] [v [v] [V wh [V wh] [DP foc]]]]]],0,3.4575981117774295e-51,-159.01084076268677,xMerge,[.. [C] [.. [T case] [DP2 case_agr [DP foc] [DP2 case_agr [DP2 case_agr] [v [v] [V wh [V wh] [DP foc]]]]]]],1,0,1,0,0,0,0,0,2,1,0,0,0,0,0,0,0,0,0,0,0.0
remnant_[.. [T case] [DP2 case_agr [DP foc] [DP2 case_agr [DP2 case_agr] [v [v] [V wh [V wh] [DP foc]]]]]],0,1.1951081076411168e-73,-210.73005032128134,iMerge,[.. [T case] [.. [T case] [DP2 case_agr [DP foc] [DP2 case_agr [DP2 case_agr] [v [v] [V wh [V wh] [DP foc]]]]]]],1,1,1,0,0,0,0,0,2,1,0,0,0,0,0,0,0,0,0,0,0.0
remnant_[.. [T case] [DP2 case_agr [DP foc] [DP2 case_agr [DP2 case_agr] [v [v] [V wh [V wh] [DP foc]]]]]],0,1.0323576577970912e-43,-141.79888900474535,iMerge,[.. [DP2 case_agr [DP foc] [DP2 case_agr [DP2 case_agr] [v [v] [V wh [V wh] [DP foc]]]]] [.. [T case] [DP2 case_agr [DP foc] [DP2 case_agr [DP2 case_agr] [v [v] [V wh [V wh] [DP foc]]]]]]],0,1,1,0,0,0,0,0,2,1,0,0,0,0,0,0,0,0,0,0,0.0
remnant_[.. [T case] [DP2 case_agr [DP foc] [DP2 case_agr [DP2 case_agr] [v [v] [V wh [V wh] [DP foc]]]]]],0,6.973338977151171e-34,-119.16537418257927,iMerge,[.. [DP foc] [.. [T case] [DP2 case_agr [DP foc] [DP2 case_agr [DP2 case_agr] [v [v] [V wh [V wh] [DP foc]]]]]]],0,1,1,0,0,0,0,0,2,0,0,0,0,0,0,0,0,0,0,0,0.0
remnant_[.. [T case] [DP2 case_agr [DP foc] [DP2 case_agr [DP2 case_agr] [v [v] [V wh [V wh] [DP foc]]]]]],0,3.6945955500442545e-49,-154.33937364766805,iMerge,[.. [v [v] [V wh [V wh] [DP foc]]] [.. [T case] [DP2 case_agr [DP foc] [DP2 case_agr [DP2 case_agr] [v [v] [V wh [V wh] [DP foc]]]]]]],0,1,1,0,0,0,0,0,1,2,0,0,0,0,0,0,0,0,0,0,0.0
remnant_[.. [T case] [DP2 case_agr [DP foc] [DP2 case_agr [DP2 case_agr] [v [v] [V wh [V wh] [DP foc]]]]]],0,6.032881692385004e-35,-121.61282864625855,iMerge,[.. [V wh [V wh] [DP foc]] [.. [T case] [DP2 case_agr [DP foc] [DP2 case_agr [DP2 case_agr] [v [v] [V wh [V wh] [DP foc]]]]]]],0,1,1,0,0,0,0,0,0,1,0,0,0,0,0,0,0,0,0,0,0.0
remnant_[.. [T case] [DP2 case_agr [DP foc] [DP2 case_agr [DP2 case_agr] [v [v] [V wh [V wh] [DP foc]]]]]],0,1.0323576577970912e-43,-141.79888900474535,rMerge,[.. [T case] [DP2 case_agr [DP foc] [DP2 case_agr [DP2 case_agr] [v [v] [V wh [V wh] [DP foc]]]]]],0,1,1,0,0,0,0,0,2,1,0,0,0,0,0,0,0,0,0,0,0.0
remnant_[.. [T case] [DP2 [DP foc] [DP2 case_agr [DP2 case_agr] [v [v] [V wh [V wh] [DP foc]]]]]],1,0.9999136509900786,-109.70146150758313,Label,[T [T case] [DP2 [DP foc] [DP2 case_agr [DP2 case_agr] [v [v] [V wh [V wh] [DP foc]]]]]],0,0,0,0,0,0,0,0,3,2,0,0,0,0,0,0,0,0,1,0,0.0
remnant_[.. [T case] [DP2 [DP foc] [DP2 case_agr [DP2 case_agr] [v [v] [V wh [V wh] [DP foc]]]]]],0,2.040272721534947e-06,-122.80380222686145,Label,[DP2 [T case] [DP2 [DP foc] [DP2 case_agr [DP2 case_agr] [v [v] [V wh [V wh] [DP foc]]]]]],0,0,0,0,0,0,0,1,2,1,0,0,0,0,0,0,0,0,0,0,1.0
remnant_[.. [T case] [DP2 [DP foc] [DP2 case_agr [DP2 case_agr] [v [v] [V wh [V wh] [DP foc]]]]]],0,3.8474340209280904e-22,-159.01084076268677,xMerge,[.. [C] [.. [T case] [DP2 [DP foc] [DP2 case_agr [DP2 case_agr] [v [v] [V wh [V wh] [DP foc]]]]]]],1,0,1,0,0,0,0,0,2,1,0,0,0,0,0,0,0,0,0,0,0.0
remnant_[.. [T case] [DP2 [DP foc] [DP2 case_agr [DP2 case_agr] [v [v] [V wh [V wh] [DP foc]]]]]],0,1.329853685529028e-44,-210.73005032128134,iMerge,[.. [T case] [.. [T case] [DP2 [DP foc] [DP2 case_agr [DP2 case_agr] [v [v] [V wh [V wh] [DP foc]]]]]]],1,1,1,0,0,0,0,0,2,1,0,0,0,0,0,0,0,0,0,0,0.0
remnant_[.. [T case] [DP2 [DP foc] [DP2 case_agr [DP2 case_agr] [v [v] [V wh [V wh] [DP foc]]]]]],0,1.148753512111429e-14,-141.79888900474535,iMerge,[.. [DP2 [DP foc] [DP2 case_agr [DP2 case_agr] [v [v] [V wh [V wh] [DP foc]]]]] [.. [T case] [DP2 [DP foc] [DP2 case_agr [DP2 case_agr] [v [v] [V wh [V wh] [DP foc]]]]]]],0,1,1,0,0,0,0,0,2,1,0,0,0,0,0,0,0,0,0,0,0.0
remnant_[.. [T case] [DP2 [DP foc] [DP2 case_agr [DP2 case_agr] [v [v] [V wh [V wh] [DP foc]]]]]],0,7.75956625171895e-05,-119.16537418257927,iMerge,[.. [DP foc] [.. [T case] [DP2 [DP foc] [DP2 case_agr [DP2 case_agr] [v [v] [V wh [V wh] [DP foc]]]]]]],0,1,1,0,0,0,0,0,2,0,0,0,0,0,0,0,0,0,0,0,0.0
remnant_[.. [T case] [DP2 [DP foc] [DP2 case_agr [DP2 case_agr] [v [v] [V wh [V wh] [DP foc]]]]]],0,4.11115235295594e-20,-154.33937364766805,iMerge,[.. [v [v] [V wh [V wh] [DP foc]]] [.. [T case] [DP2 [DP foc] [DP2 case_agr [DP2 case_agr] [v [v] [V wh [V wh] [DP foc]]]]]]],0,1,1,0,0,0,0,0,1,2,0,0,0,0,0,0,0,0,0,0,0.0
remnant_[.. [T case] [DP2 [DP foc] [DP2 case_agr [DP2 case_agr] [v [v] [V wh [V wh] [DP foc]]]]]],0,6.7130746596759e-06,-121.61282864625855,iMerge,[.. [V wh [V wh] [DP foc]] [.. [T case] [DP2 [DP foc] [DP2 case_agr [DP2 case_agr] [v [v] [V wh [V wh] [DP foc]]]]]]],0,1,1,0,0,0,0,0,0,1,0,0,0,0,0,0,0,0,0,0,0.0
remnant_[.. [T case] [DP2 [DP foc] [DP2 case_agr [DP2 case_agr] [v [v] [V wh [V wh] [DP foc]]]]]],0,1.148753512111429e-14,-141.79888900474535,rMerge,[.. [T case] [DP2 [DP foc] [DP2 case_agr [DP2 case_agr] [v [v] [V wh [V wh] [DP foc]]]]]],0,1,1,0,0,0,0,0,2,1,0,0,0,0,0,0,0,0,0,0,0.0
remnant_[T [T case] [DP2 [DP foc] [DP2 case_agr [DP2 case_agr] [v [v] [V wh [V wh] [DP foc]]]]]],0,0.23194256101469052,-122.80622444756028,xMerge,[.. [C] [T [T case] [DP2 [DP foc] [DP2 case_agr [DP2 case_agr] [v [v] [V wh [V wh] [DP foc]]]]]]],0,0,1,0,0,0,0,0,3,2,0,0,0,0,0,0,0,0,0,0,0.0
remnant_[T [T case] [DP2 [DP foc] [DP2 case_agr [DP2 case_agr] [v [v] [V wh [V wh] [DP foc]]]]]],0,1.3090946088164798e-09,-141.79888900474535,iMerge,[.. [DP2 [DP foc] [DP2 case_agr [DP2 case_agr] [v [v] [V wh [V wh] [DP foc]]]]] [T [T case] [DP2 [DP foc] [DP2 case_agr [DP2 case_agr] [v [v] [V wh [V wh] [DP foc]]]]]]],0,1,1,0,0,0,0,0,2,1,0,0,0,0,0,0,0,0,0,0,0.0
remnant_[T [T case] [DP2 [DP foc] [DP2 case_agr [DP2 case_agr] [v [v] [V wh [V wh] [DP foc]]]]]],0,0.0003657920943948396,-129.25840436182267,iMerge,[.. [DP foc] [T [T case] [DP2 [DP foc] [DP2 case_agr [DP2 case_agr] [v [v] [V wh [V wh] [DP foc]]]]]]],0,1,1,0,0,0,0,0,3,0,0,0,0,0,0,0,0,0,0,0,0.0
remnant_[T [T case] [DP2 [DP foc] [DP2 case_agr [DP2 case_agr] [v [v] [V wh [V wh] [DP foc]]]]]],0,4.684980132409609e-15,-154.33937364766805,iMerge,[.. [v [v] [V wh [V wh] [DP foc]]] [T [T case] [DP2 [DP foc] [DP2 case_agr [DP2 case_agr] [v [v] [V wh [V wh] [DP foc]]]]]]],0,1,1,0,0,0,0,0,1,2,0,0,0,0,0,0,0,0,0,0,0.0
remnant_[T [T case] [DP2 [DP foc] [DP2 case_agr [DP2 case_agr] [v [v] [V wh [V wh] [DP foc]]]]]],1,0.7650074409271365,-121.61282864625855,iMerge,[.. [V wh [V wh] [DP foc]] [T [T case] [DP2 [DP foc] [DP2 case_agr [DP2 case_agr] [v [v] [V wh [V wh] [DP foc]]]]]]],0,1,1,0,0,0,0,0,0,1,0,0,0,0,0,0,0,0,0,0,0.0
remnant_[T [T case] [DP2 [DP foc] [DP2 case_agr [DP2 case_agr] [v [v] [V wh [V wh] [DP foc]]]]]],0,0.0026842046546789746,-127.26532974065697,rMerge,[T [T case] [DP2 [DP foc] [DP2 case_agr [DP2 case_agr] [v [v] [V wh [V wh] [DP foc]]]]]],0,1,0,0,0,0,0,0,3,2,0,0,0,0,0,0,0,0,0,0,0.0
remnant_[.. [V wh [V wh] [DP foc]] [T [T case] [DP2 [DP foc] [DP2 case_agr [DP2 case_agr] [v [v] [V wh [V wh] [DP foc]]]]]]],0,0.19308775468213255,-90.94539369720151,Label,[V wh [V wh [V wh] [DP foc]] [T [T case] [DP2 [DP foc] [DP2 case_agr [DP2 case_agr] [v [v] [V wh [V wh] [DP foc]]]]]]],0,0,0,0,0,0,0,0,0,1,0,0,0,0,0,0,1,0,0,0,0.0
remnant_[.. [V wh [V wh] [DP foc]] [T [T case] [DP2 [DP foc] [DP2 case_agr [DP2 case_agr] [v [v] [V wh [V wh] [DP foc]]]]]]],1,0.806849631879503,-89.51540114909633,Label,[T [V wh [V wh] [DP foc]] [T [T case] [DP2 [DP foc] [DP2 case_agr [DP2 case_agr] [v [v] [V wh [V wh] [DP foc]]]]]]],0,0,0,0,0,0,0,0,1,2,0,0,0,0,0,0,0,0,1,0,0.0
remnant_[.. [V wh [V wh] [DP foc]] [T [T case] [DP2 [DP foc] [DP2 case_agr [DP2 case_agr] [v [v] [V wh [V wh] [DP foc]]]]]]],0,3.104568799908699e-22,-138.82478040419994,xMerge,[.. [C] [.. [V wh [V wh] [DP foc]] [T [T case] [DP2 [DP foc] [DP2 case_agr [DP2 case_agr] [v [v] [V wh [V wh] [DP foc]]]]]]]],1,0,1,0,0,0,0,0,0,1,0,0,0,0,0,0,0,0,0,0,0.0
remnant_[.. [V wh [V wh] [DP foc]] [T [T case] [DP2 [DP foc] [DP2 case_agr [DP2 case_agr] [v [v] [V wh [V wh] [DP foc]]]]]]],0,9.269513897021388e-15,-121.61282864625855,iMerge,[.. [V wh [V wh] [DP foc]] [.. [V wh [V wh] [DP foc]] [T [T case] [DP2 [DP foc] [DP2 case_agr [DP2 case_agr] [v [v] [V wh [V wh] [DP foc]]]]]]]],0,1,1,0,0,0,0,0,0,1,0,0,0,0,0,0,0,0,0,0,0.0
remnant_[.. [V wh [V wh] [DP foc]] [T [T case] [DP2 [DP foc] [DP2 case_agr [DP2 case_agr] [v [v] [V wh [V wh] [DP foc]]]]]]],0,6.261343834585032e-05,-98.97931382409246,iMerge,[.. [DP foc] [.. [V wh [V wh] [DP foc]] [T [T case] [DP2 [DP foc] [DP2 case_agr [DP2 case_agr] [v [v] [V wh [V wh] [DP foc]]]]]]]],0,1,1,0,0,0,0,0,0,0,0,0,0,0,0,0,0,0,0,0,0.0
remnant_[.. [V wh [V wh] [DP foc]] [T [T case] [DP2 [DP foc] [DP2 case_agr [DP2 case_agr] [v [v] [V wh [V wh] [DP foc]]]]]]],0,9.71414158212281e-38,-174.52543400615485,iMerge,[.. [T [T case] [DP2 [DP foc] [DP2 case_agr [DP2 case_agr] [v [v] [V wh [V wh] [DP foc]]]]]] [.. [V wh [V wh] [DP foc]] [T [T case] [DP2 [DP foc] [DP2 case_agr [DP2 case_agr] [v [v] [V wh [V wh] [DP foc]]]]]]]],0,1,1,0,0,0,0,0,3,2,0,0,0,0,0,0,0,0,0,0,0.0
remnant_[.. [V wh [V wh] [DP foc]] [T [T case] [DP2 [DP foc] [DP2 case_agr [DP2 case_agr] [v [v] [V wh [V wh] [DP foc]]]]]]],0,1.5862160313413098e-23,-141.79888900474535,iMerge,[.. [DP2 [DP foc] [DP2 case_agr [DP2 case_agr] [v [v] [V wh [V wh] [DP foc]]]]] [.. [V wh [V wh] [DP foc]] [T [T case] [DP2 [DP foc] [DP2 case_agr [DP2 case_agr] [v [v] [V wh [V wh] [DP foc]]]]]]]],0,1,1,0,0,0,0,0,2,1,0,0,0,0,0,0,0,0,0,0,0.0
remnant_[.. [V wh [V wh] [DP foc]] [T [T case] [DP2 [DP foc] [DP2 case_agr [DP2 case_agr] [v [v] [V wh [V wh] [DP foc]]]]]]],0,5.676740659150824e-29,-154.33937364766805,iMerge,[.. [v [v] [V wh [V wh] [DP foc]]] [.. [V wh [V wh] [DP foc]] [T [T case] [DP2 [DP foc] [DP2 case_agr [DP2 case_agr] [v [v] [V wh [V wh] [DP foc]]]]]]]],0,1,1,0,0,0,0,0,1,2,0,0,0,0,0,0,0,0,0,0,0.0
remnant_[.. [V wh [V wh] [DP foc]] [T [T case] [DP2 [DP foc] [DP2 case_agr [DP2 case_agr] [v [v] [V wh [V wh] [DP foc]]]]]]],0,9.269513897021388e-15,-121.61282864625855,rMerge,[.. [V wh [V wh] [DP foc]] [T [T case] [DP2 [DP foc] [DP2 case_agr [DP2 case_agr] [v [v] [V wh [V wh] [DP foc]]]]]]],0,1,1,0,0,0,0,0,0,1,0,0,0,0,0,0,0,0,0,0,0.0
remnant_[T [V wh [V wh] [DP foc]] [T [T case] [DP2 [DP foc] [DP2 case_agr [DP2 case_agr] [v [v] [V wh [V wh] [DP foc]]]]]]],1,0.9870208738940421,-102.62016408907347,xMerge,[.. [C] [T [V wh [V wh] [DP foc]] [T [T case] [DP2 [DP foc] [DP2 case_agr [DP2 case_agr] [v [v] [V wh [V wh] [DP foc]]]]]]]],0,0,1,0,0,0,0,0,1,2,0,0,0,0,0,0,0,0,0,0,0.0
remnant_[T [V wh [V wh] [DP foc]] [T [T case] [DP2 [DP foc] [DP2 case_agr [DP2 case_agr] [v [v] [V wh [V wh] [DP foc]]]]]]],0,5.57079174754031e-09,-121.61282864625855,iMerge,[.. [V wh [V wh] [DP foc]] [T [V wh [V wh] [DP foc]] [T [T case] [DP2 [DP foc] [DP2 case_agr [DP2 case_agr] [v [v] [V wh [V wh] [DP foc]]]]]]]],0,1,1,0,0,0,0,0,0,1,0,0,0,0,0,0,0,0,0,0,0.0
remnant_[T [V wh [V wh] [DP foc]] [T [T case] [DP2 [DP foc] [DP2 case_agr [DP2 case_agr] [v [v] [V wh [V wh] [DP foc]]]]]]],0,0.001556611391603346,-109.07234400333587,iMerge,[.. [DP foc] [T [V wh [V wh] [DP foc]] [T [T case] [DP2 [DP foc] [DP2 case_agr [DP2 case_agr] [v [v] [V wh [V wh] [DP foc]]]]]]]],0,1,1,0,0,0,0,0,1,0,0,0,0,0,0,0,0,0,0,0,0.0
remnant_[T [V wh [V wh] [DP foc]] [T [T case] [DP2 [DP foc] [DP2 case_agr [DP2 case_agr] [v [v] [V wh [V wh] [DP foc]]]]]]],0,9.532839882846256e-18,-141.79888900474535,iMerge,[.. [DP2 [DP foc] [DP2 case_agr [DP2 case_agr] [v [v] [V wh [V wh] [DP foc]]]]] [T [V wh [V wh] [DP foc]] [T [T case] [DP2 [DP foc] [DP2 case_agr [DP2 case_agr] [v [v] [V wh [V wh] [DP foc]]]]]]]],0,1,1,0,0,0,0,0,2,1,0,0,0,0,0,0,0,0,0,0,0.0
remnant_[T [V wh [V wh] [DP foc]] [T [T case] [DP2 [DP foc] [DP2 case_agr [DP2 case_agr] [v [v] [V wh [V wh] [DP foc]]]]]]],0,3.411607163897322e-23,-154.33937364766805,iMerge,[.. [v [v] [V wh [V wh] [DP foc]]] [T [V wh [V wh] [DP foc]] [T [T case] [DP2 [DP foc] [DP2 case_agr [DP2 case_agr] [v [v] [V wh [V wh] [DP foc]]]]]]]],0,1,1,0,0,0,0,0,1,2,0,0,0,0,0,0,0,0,0,0,0.0
remnant_[T [V wh [V wh] [DP foc]] [T [T case] [DP2 [DP foc] [DP2 case_agr [DP2 case_agr] [v [v] [V wh [V wh] [DP foc]]]]]]],0,0.011422509143562732,-107.07926938217017,rMerge,[T [V wh [V wh] [DP foc]] [T [T case] [DP2 [DP foc] [DP2 case_agr [DP2 case_agr] [v [v] [V wh [V wh] [DP foc]]]]]]],0,1,0,0,0,0,0,0,1,2,0,0,0,0,0,0,0,0,0,0,0.0
remnant_[.. [C] [T [V wh [V wh] [DP foc]] [T [T case] [DP2 [DP foc] [DP2 case_agr [DP2 case_agr] [v [v] [V wh [V wh] [DP foc]]]]]]]],1,0.8067136993368383,-88.08660482498507,Label,[C [C] [T [V wh [V wh] [DP foc]] [T [T case] [DP2 [DP foc] [DP2 case_agr [DP2 case_agr] [v [v] [V wh [V wh] [DP foc]]]]]]]],0,0,0,0,0,0,0,0,2,3,0,0,0,0,0,0,0,0,0,1,0.0
remnant_[.. [C] [T [V wh [V wh] [DP foc]] [T [T case] [DP2 [DP foc] [DP2 case_agr [DP2 case_agr] [v [v] [V wh [V wh] [DP foc]]]]]]]],0,0.1932863000426781,-89.51540114909633,Label,[T [C] [T [V wh [V wh] [DP foc]] [T [T case] [DP2 [DP foc] [DP2 case_agr [DP2 case_agr] [v [v] [V wh [V wh] [DP foc]]]]]]]],0,0,0,0,0,0,0,0,1,2,0,0,0,0,0,0,0,0,1,0,0.0
remnant_[.. [C] [T [V wh [V wh] [DP foc]] [T [T case] [DP2 [DP foc] [DP2 case_agr [DP2 case_agr] [v [v] [V wh [V wh] [DP foc]]]]]]]],0,1.57428925253483e-59,-223.27053496420402,iMerge,[.. [C] [.. [C] [T [V wh [V wh] [DP foc]] [T [T case] [DP2 [DP foc] [DP2 case_agr [DP2 case_agr] [v [v] [V wh [V wh] [DP foc]]]]]]]]],1,1,1,0,0,0,0,0,1,2,0,0,0,0,0,0,0,0,0,0,0.0
remnant_[.. [C] [T [V wh [V wh] [DP foc]] [T [T case] [DP2 [DP foc] [DP2 case_agr [DP2 case_agr] [v [v] [V wh [V wh] [DP foc]]]]]]]],0,1.3599017152095083e-29,-154.33937364766805,iMerge,[.. [T [V wh [V wh] [DP foc]] [T [T case] [DP2 [DP foc] [DP2 case_agr [DP2 case_agr] [v [v] [V wh [V wh] [DP foc]]]]]]] [.. [C] [T [V wh [V wh] [DP foc]] [T [T case] [DP2 [DP foc] [DP2 case_agr [DP2 case_agr] [v [v] [V wh [V wh] [DP foc]]]]]]]]],0,1,1,0,0,0,0,0,1,2,0,0,0,0,0,0,0,0,0,0,0.0
remnant_[.. [C] [T [V wh [V wh] [DP foc]] [T [T case] [DP2 [DP foc] [DP2 case_agr [DP2 case_agr] [v [v] [V wh [V wh] [DP foc]]]]]]]],0,2.2205749046149692e-15,-121.61282864625855,iMerge,[.. [V wh [V wh] [DP foc]] [.. [C] [T [V wh [V wh] [DP foc]] [T [T case] [DP2 [DP foc] [DP2 case_agr [DP2 case_agr] [v [v] [V wh [V wh] [DP foc]]]]]]]]],0,1,1,0,0,0,0,0,0,1,0,0,0,0,0,0,0,0,0,0,0.0
remnant_[.. [C] [T [V wh [V wh] [DP foc]] [T [T case] [DP2 [DP foc] [DP2 case_agr [DP2 case_agr] [v [v] [V wh [V wh] [DP foc]]]]]]]],0,6.204813155972607e-10,-109.07234400333587,iMerge,[.. [DP foc] [.. [C] [T [V wh [V wh] [DP foc]] [T [T case] [DP2 [DP foc] [DP2 case_agr [DP2 case_agr] [v [v] [V wh [V wh] [DP foc]]]]]]]]],0,1,1,0,0,0,0,0,1,0,0,0,0,0,0,0,0,0,0,0,0.0
remnant_[.. [C] [T [V wh [V wh] [DP foc]] [T [T case] [DP2 [DP foc] [DP2 case_agr [DP2 case_agr] [v [v] [V wh [V wh] [DP foc]]]]]]]],0,3.799888054136585e-24,-141.79888900474535,iMerge,[.. [DP2 [DP foc] [DP2 case_agr [DP2 case_agr] [v [v] [V wh [V wh] [DP foc]]]]] [.. [C] [T [V wh [V wh] [DP foc]] [T [T case] [DP2 [DP foc] [DP2 case_agr [DP2 case_agr] [v [v] [V wh [V wh] [DP foc]]]]]]]]],0,1,1,0,0,0,0,0,2,1,0,0,0,0,0,0,0,0,0,0,0.0
remnant_[.. [C] [T [V wh [V wh] [DP foc]] [T [T case] [DP2 [DP foc] [DP2 case_agr [DP2 case_agr] [v [v] [V wh [V wh] [DP foc]]]]]]]],0,1.3599017152095083e-29,-154.33937364766805,iMerge,[.. [v [v] [V wh [V wh] [DP foc]]] [.. [C] [T [V wh [V wh] [DP foc]] [T [T case] [DP2 [DP foc] [DP2 case_agr [DP2 case_agr] [v [v] [V wh [V wh] [DP foc]]]]]]]]],0,1,1,0,0,0,0,0,1,2,0,0,0,0,0,0,0,0,0,0,0.0
remnant_[.. [C] [T [V wh [V wh] [DP foc]] [T [T case] [DP2 [DP foc] [DP2 case_agr [DP2 case_agr] [v [v] [V wh [V wh] [DP foc]]]]]]]],0,1.3599017152095083e-29,-154.33937364766805,rMerge,[.. [C] [T [V wh [V wh] [DP foc]] [T [T case] [DP2 [DP foc] [DP2 case_agr [DP2 case_agr] [v [v] [V wh [V wh] [DP foc]]]]]]]],0,1,1,0,0,0,0,0,1,2,0,0,0,0,0,0,0,0,0,0,0.0
remnant_[C [C] [T [V wh [V wh] [DP foc]] [T [T case] [DP2 [DP foc] [DP2 case_agr [DP2 case_agr] [v [v] [V wh [V wh] [DP foc]]]]]]]],0,4.876306401862866e-16,-154.33937364766805,iMerge,[.. [T [V wh [V wh] [DP foc]] [T [T case] [DP2 [DP foc] [DP2 case_agr [DP2 case_agr] [v [v] [V wh [V wh] [DP foc]]]]]]] [C [C] [T [V wh [V wh] [DP foc]] [T [T case] [DP2 [DP foc] [DP2 case_agr [DP2 case_agr] [v [v] [V wh [V wh] [DP foc]]]]]]]]],0,1,1,0,0,0,0,0,1,2,0,0,0,0,0,0,0,0,0,0,0.0
remnant_[C [C] [T [V wh [V wh] [DP foc]] [T [T case] [DP2 [DP foc] [DP2 case_agr [DP2 case_agr] [v [v] [V wh [V wh] [DP foc]]]]]]]],0,0.07962489863851514,-121.61282864625855,iMerge,[.. [V wh [V wh] [DP foc]] [C [C] [T [V wh [V wh] [DP foc]] [T [T case] [DP2 [DP foc] [DP2 case_agr [DP2 case_agr] [v [v] [V wh [V wh] [DP foc]]]]]]]]],0,1,1,0,0,0,0,0,0,1,0,0,0,0,0,0,0,0,0,0,0.0
remnant_[C [C] [T [V wh [V wh] [DP foc]] [T [T case] [DP2 [DP foc] [DP2 case_agr [DP2 case_agr] [v [v] [V wh [V wh] [DP foc]]]]]]]],1,0.9203751002253765,-119.16537418257927,iMerge,[.. [DP foc] [C [C] [T [V wh [V wh] [DP foc]] [T [T case] [DP2 [DP foc] [DP2 case_agr [DP2 case_agr] [v [v] [V wh [V wh] [DP foc]]]]]]]]],0,1,1,0,0,0,0,0,2,0,0,0,0,0,0,0,0,0,0,0,0.0
remnant_[C [C] [T [V wh [V wh] [DP foc]] [T [T case] [DP2 [DP foc] [DP2 case_agr [DP2 case_agr] [v [v] [V wh [V wh] [DP foc]]]]]]]],0,1.3625557080714316e-10,-141.79888900474535,iMerge,[.. [DP2 [DP foc] [DP2 case_agr [DP2 case_agr] [v [v] [V wh [V wh] [DP foc]]]]] [C [C] [T [V wh [V wh] [DP foc]] [T [T case] [DP2 [DP foc] [DP2 case_agr [DP2 case_agr] [v [v] [V wh [V wh] [DP foc]]]]]]]]],0,1,1,0,0,0,0,0,2,1,0,0,0,0,0,0,0,0,0,0,0.0
remnant_[C [C] [T [V wh [V wh] [DP foc]] [T [T case] [DP2 [DP foc] [DP2 case_agr [DP2 case_agr] [v [v] [V wh [V wh] [DP foc]]]]]]]],0,4.876306401862866e-16,-154.33937364766805,iMerge,[.. [v [v] [V wh [V wh] [DP foc]]] [C [C] [T [V wh [V wh] [DP foc]] [T [T case] [DP2 [DP foc] [DP2 case_agr [DP2 case_agr] [v [v] [V wh [V wh] [DP foc]]]]]]]]],0,1,1,0,0,0,0,0,1,2,0,0,0,0,0,0,0,0,0,0,0.0
remnant_[C [C] [T [V wh [V wh] [DP foc]] [T [T case] [DP2 [DP foc] [DP2 case_agr [DP2 case_agr] [v [v] [V wh [V wh] [DP foc]]]]]]]],0,9.998516725505908e-10,-139.80581438357967,rMerge,[C [C] [T [V wh [V wh] [DP foc]] [T [T case] [DP2 [DP foc] [DP2 case_agr [DP2 case_agr] [v [v] [V wh [V wh] [DP foc]]]]]]]],0,1,0,0,0,0,0,0,2,3,0,0,0,0,0,0,0,0,0,0,0.0
remnant_[.. [DP foc] [C [C] [T [V wh [V wh] [DP foc]] [T [T case] [DP2 [DP foc] [DP2 case_agr [DP2 case_agr] [v [v] [V wh [V wh] [DP foc]]]]]]]]],0,1.0394774933851805e-38,-130.2790905377302,Label,[DP foc [DP foc] [C [C] [T [V wh [V wh] [DP foc]] [T [T case] [DP2 [DP foc] [DP2 case_agr [DP2 case_agr] [v [v] [V wh [V wh] [DP foc]]]]]]]]],0,0,0,0,0,0,0,0,3,0,0,0,0,0,0,1,0,0,0,0,0.0
remnant_[.. [DP foc] [C [C] [T [V wh [V wh] [DP foc]] [T [T case] [DP2 [DP foc] [DP2 case_agr [DP2 case_agr] [v [v] [V wh [V wh] [DP foc]]]]]]]]],1,1.0,-42.819575180652905,Label,[C [DP foc] [C [C] [T [V wh [V wh] [DP foc]] [T [T case] [DP2 [DP foc] [DP2 case_agr [DP2 case_agr] [v [v] [V wh [V wh] [DP foc]]]]]]]]],0,0,0,0,0,0,0,0,2,1,0,0,0,0,0,0,0,0,0,1,0.0
remnant_[.. [DP foc] [C [C] [T [V wh [V wh] [DP foc]] [T [T case] [DP2 [DP foc] [DP2 case_agr [DP2 case_agr] [v [v] [V wh [V wh] [DP foc]]]]]]]]],0,6.973338977151171e-34,-119.16537418257927,iMerge,[.. [DP foc] [.. [DP foc] [C [C] [T [V wh [V wh] [DP foc]] [T [T case] [DP2 [DP foc] [DP2 case_agr [DP2 case_agr] [v [v] [V wh [V wh] [DP foc]]]]]]]]]],0,1,1,0,0,0,0,0,2,0,0,0,0,0,0,0,0,0,0,0,0.0
remnant_[.. [DP foc] [C [C] [T [V wh [V wh] [DP foc]] [T [T case] [DP2 [DP foc] [DP2 case_agr [DP2 case_agr] [v [v] [V wh [V wh] [DP foc]]]]]]]]],0,2.262606325537086e-63,-187.06591864907753,iMerge,[.. [C [C] [T [V wh [V wh] [DP foc]] [T [T case] [DP2 [DP foc] [DP2 case_agr [DP2 case_agr] [v [v] [V wh [V wh] [DP foc]]]]]]]] [.. [DP foc] [C [C] [T [V wh [V wh] [DP foc]] [T [T case] [DP2 [DP foc] [DP2 case_agr [DP2 case_agr] [v [v] [V wh [V wh] [DP foc]]]]]]]]]],0,1,1,0,0,0,0,0,2,3,0,0,0,0,0,0,0,0,0,0,0.0
remnant_[.. [DP foc] [C [C] [T [V wh [V wh] [DP foc]] [T [T case] [DP2 [DP foc] [DP2 case_agr [DP2 case_agr] [v [v] [V wh [V wh] [DP foc]]]]]]]]],0,3.6945955500442545e-49,-154.33937364766805,iMerge,[.. [T [V wh [V wh] [DP foc]] [T [T case] [DP2 [DP foc] [DP2 case_agr [DP2 case_agr] [v [v] [V wh [V wh] [DP foc]]]]]]] [.. [DP foc] [C [C] [T [V wh [V wh] [DP foc]] [T [T case] [DP2 [DP foc] [DP2 case_agr [DP2 case_agr] [v [v] [V wh [V wh] [DP foc]]]]]]]]]],0,1,1,0,0,0,0,0,1,2,0,0,0,0,0,0,0,0,0,0,0.0
remnant_[.. [DP foc] [C [C] [T [V wh [V wh] [DP foc]] [T [T case] [DP2 [DP foc] [DP2 case_agr [DP2 case_agr] [v [v] [V wh [V wh] [DP foc]]]]]]]]],0,6.032881692385004e-35,-121.61282864625855,iMerge,[.. [V wh [V wh] [DP foc]] [.. [DP foc] [C [C] [T [V wh [V wh] [DP foc]] [T [T case] [DP2 [DP foc] [DP2 case_agr [DP2 case_agr] [v [v] [V wh [V wh] [DP foc]]]]]]]]]],0,1,1,0,0,0,0,0,0,1,0,0,0,0,0,0,0,0,0,0,0.0
remnant_[.. [DP foc] [C [C] [T [V wh [V wh] [DP foc]] [T [T case] [DP2 [DP foc] [DP2 case_agr [DP2 case_agr] [v [v] [V wh [V wh] [DP foc]]]]]]]]],0,1.0323576577970912e-43,-141.79888900474535,iMerge,[.. [DP2 [DP foc] [DP2 case_agr [DP2 case_agr] [v [v] [V wh [V wh] [DP foc]]]]] [.. [DP foc] [C [C] [T [V wh [V wh] [DP foc]] [T [T case] [DP2 [DP foc] [DP2 case_agr [DP2 case_agr] [v [v] [V wh [V wh] [DP foc]]]]]]]]]],0,1,1,0,0,0,0,0,2,1,0,0,0,0,0,0,0,0,0,0,0.0
remnant_[.. [DP foc] [C [C] [T [V wh [V wh] [DP foc]] [T [T case] [DP2 [DP foc] [DP2 case_agr [DP2 case_agr] [v [v] [V wh [V wh] [DP foc]]]]]]]]],0,3.6945955500442545e-49,-154.33937364766805,iMerge,[.. [v [v] [V wh [V wh] [DP foc]]] [.. [DP foc] [C [C] [T [V wh [V wh] [DP foc]] [T [T case] [DP2 [DP foc] [DP2 case_agr [DP2 case_agr] [v [v] [V wh [V wh] [DP foc]]]]]]]]]],0,1,1,0,0,0,0,0,1,2,0,0,0,0,0,0,0,0,0,0,0.0
remnant_[.. [DP foc] [C [C] [T [V wh [V wh] [DP foc]] [T [T case] [DP2 [DP foc] [DP2 case_agr [DP2 case_agr] [v [v] [V wh [V wh] [DP foc]]]]]]]]],0,6.973338977151171e-34,-119.16537418257927,rMerge,[.. [DP foc] [C [C] [T [V wh [V wh] [DP foc]] [T [T case] [DP2 [DP foc] [DP2 case_agr [DP2 case_agr] [v [v] [V wh [V wh] [DP foc]]]]]]]]],0,1,1,0,0,0,0,0,2,0,0,0,0,0,0,0,0,0,0,0,0.0
remnant_[C [DP foc] [C [C] [T [V wh [V wh] [DP foc]] [T [T case] [DP2 [DP foc] [DP2 case_agr [DP2 case_agr] [v [v] [V wh [V wh] [DP foc]]]]]]]]],0,2.0174746975186653e-11,-119.16537418257927,iMerge,[.. [DP foc] [C [DP foc] [C [C] [T [V wh [V wh] [DP foc]] [T [T case] [DP2 [DP foc] [DP2 case_agr [DP2 case_agr] [v [v] [V wh [V wh] [DP foc]]]]]]]]]],0,1,1,0,0,0,0,0,2,0,0,0,0,0,0,0,0,0,0,0,0.0
remnant_[C [DP foc] [C [C] [T [V wh [V wh] [DP foc]] [T [T case] [DP2 [DP foc] [DP2 case_agr [DP2 case_agr] [v [v] [V wh [V wh] [DP foc]]]]]]]]],0,1.0688929742555599e-26,-154.33937364766805,iMerge,[.. [T [V wh [V wh] [DP foc]] [T [T case] [DP2 [DP foc] [DP2 case_agr [DP2 case_agr] [v [v] [V wh [V wh] [DP foc]]]]]]] [C [DP foc] [C [C] [T [V wh [V wh] [DP foc]] [T [T case] [DP2 [DP foc] [DP2 case_agr [DP2 case_agr] [v [v] [V wh [V wh] [DP foc]]]]]]]]]],0,1,1,0,0,0,0,0,1,2,0,0,0,0,0,0,0,0,0,0,0.0
remnant_[C [DP foc] [C [C] [T [V wh [V wh] [DP foc]] [T [T case] [DP2 [DP foc] [DP2 case_agr [DP2 case_agr] [v [v] [V wh [V wh] [DP foc]]]]]]]]],0,1.7453885731627871e-12,-121.61282864625855,iMerge,[.. [V wh [V wh] [DP foc]] [C [DP foc] [C [C] [T [V wh [V wh] [DP foc]] [T [T case] [DP2 [DP foc] [DP2 case_agr [DP2 case_agr] [v [v] [V wh [V wh] [DP foc]]]]]]]]]],0,1,1,0,0,0,0,0,0,1,0,0,0,0,0,0,0,0,0,0,0.0
remnant_[C [DP foc] [C [C] [T [V wh [V wh] [DP foc]] [T [T case] [DP2 [DP foc] [DP2 case_agr [DP2 case_agr] [v [v] [V wh [V wh] [DP foc]]]]]]]]],0,2.9867405847035643e-21,-141.79888900474535,iMerge,[.. [DP2 [DP foc] [DP2 case_agr [DP2 case_agr] [v [v] [V wh [V wh] [DP foc]]]]] [C [DP foc] [C [C] [T [V wh [V wh] [DP foc]] [T [T case] [DP2 [DP foc] [DP2 case_agr [DP2 case_agr] [v [v] [V wh [V wh] [DP foc]]]]]]]]]],0,1,1,0,0,0,0,0,2,1,0,0,0,0,0,0,0,0,0,0,0.0
remnant_[C [DP foc] [C [C] [T [V wh [V wh] [DP foc]] [T [T case] [DP2 [DP foc] [DP2 case_agr [DP2 case_agr] [v [v] [V wh [V wh] [DP foc]]]]]]]]],0,1.0688929742555599e-26,-154.33937364766805,iMerge,[.. [v [v] [V wh [V wh] [DP foc]]] [C [DP foc] [C [C] [T [V wh [V wh] [DP foc]] [T [T case] [DP2 [DP foc] [DP2 case_agr [DP2 case_agr] [v [v] [V wh [V wh] [DP foc]]]]]]]]]],0,1,1,0,0,0,0,0,1,2,0,0,0,0,0,0,0,0,0,0,0.0
remnant_[C [DP foc] [C [C] [T [V wh [V wh] [DP foc]] [T [T case] [DP2 [DP foc] [DP2 case_agr [DP2 case_agr] [v [v] [V wh [V wh] [DP foc]]]]]]]]],1,0.9999999999780799,-94.53878473924749,rMerge,[C [DP foc] [C [C] [T [V wh [V wh] [DP foc]] [T [T case] [DP2 [DP foc] [DP2 case_agr [DP2 case_agr] [v [v] [V wh [V wh] [DP foc]]]]]]]]],0,1,0,0,0,0,0,0,2,1,0,0,0,0,0,0,0,0,0,0,0.0
accusative_[DP case_agr],0,4.363268156717398e-16,-82.61673813841145,mtAgree,[DP],0,0,0,0,0,0,0,0,0,0,0,1,0,0,0,0,0,0,0,0,0.0
accusative_[DP case_agr],1,0.9885596826644168,-47.26010426549789,xMerge,[.. [V] [DP case_agr]],0,0,1,0,0,0,0,0,0,0,0,0,0,0,0,0,0,0,0,0,0.0
accusative_[DP case_agr],0,1.144405412907411e-30,-116.19126558203385,xMerge,[.. [v case] [DP case_agr]],1,0,1,0,0,0,0,0,0,0,0,0,0,0,0,0,0,0,0,0,0.0
accusative_[DP case_agr],0,1.144405412907411e-30,-116.19126558203385,xMerge,[.. [DP2 case_agr] [DP case_agr]],1,0,1,0,0,0,0,0,0,0,0,0,0,0,0,0,0,0,0,0,0.0
accusative_[DP case_agr],0,1.144405412907411e-30,-116.19126558203385,xMerge,[.. [T case] [DP case_agr]],1,0,1,0,0,0,0,0,0,0,0,0,0,0,0,0,0,0,0,0,0.0
accusative_[DP case_agr],0,1.144405412907411e-30,-116.19126558203385,xMerge,[.. [C] [DP case_agr]],1,0,1,0,0,0,0,0,0,0,0,0,0,0,0,0,0,0,0,0,0.0
accusative_[DP case_agr],0,0.011440317335582557,-51.71920955859458,rMerge,[DP case_agr],0,1,0,0,0,0,0,0,0,0,0,0,0,0,0,0,0,0,0,0,0.0
accusative_[.. [V] [DP case_agr]],1,0.9037845911640521,-95.880503345735,Label,[V [V] [DP case_agr]],0,0,0,1,0,0,0,0,0,0,0,0,0,0,0,0,1,0,0,0,0.0
accusative_[.. [V] [DP case_agr]],0,0.014688933595193564,-100.0,Label,[DP case_agr [V] [DP case_agr]],0,0,0,0,0,0,0,0,0,0,0,0,0,0,0,1,0,0,0,0,0.0
accusative_[.. [V] [DP case_agr]],0,1.365252467695342e-09,-116.19126558203385,xMerge,[.. [v case] [.. [V] [DP case_agr]]],1,0,1,0,0,0,0,0,0,0,0,0,0,0,0,0,0,0,0,0,0.0
accusative_[.. [V] [DP case_agr]],0,1.365252467695342e-09,-116.19126558203385,xMerge,[.. [DP2 case_agr] [.. [V] [DP case_agr]]],1,0,1,0,0,0,0,0,0,0,0,0,0,0,0,0,0,0,0,0,0.0
accusative_[.. [V] [DP case_agr]],0,1.365252467695342e-09,-116.19126558203385,xMerge,[.. [T case] [.. [V] [DP case_agr]]],1,0,1,0,0,0,0,0,0,0,0,0,0,0,0,0,0,0,0,0,0.0
accusative_[.. [V] [DP case_agr]],0,1.365252467695342e-09,-116.19126558203385,xMerge,[.. [C] [.. [V] [DP case_agr]]],1,0,1,0,0,0,0,0,0,0,0,0,0,0,0,0,0,0,0,0,0.0
accusative_[.. [V] [DP case_agr]],0,4.718952985201002e-32,-167.91047514062842,iMerge,[.. [V] [.. [V] [DP case_agr]]],1,1,1,0,0,0,0,0,0,0,0,0,0,0,0,0,0,0,0,0,0.0
accusative_[.. [V] [DP case_agr]],0,0.04076323488987226,-98.97931382409246,iMerge,[.. [DP case_agr] [.. [V] [DP case_agr]]],0,1,1,0,0,0,0,0,0,0,0,0,0,0,0,0,0,0,0,0,0.0
accusative_[.. [V] [DP case_agr]],0,0.04076323488987226,-98.97931382409246,rMerge,[.. [V] [DP case_agr]],0,1,1,0,0,0,0,0,0,0,0,0,0,0,0,0,0,0,0,0,0.0
accusative_[V [V] [DP case_agr]],1,0.9885596826326825,-74.82872873619746,xMerge,[.. [v case] [V [V] [DP case_agr]]],0,0,1,1,0,0,0,0,0,0,0,0,0,0,0,0,0,0,0,0,0.0
accusative_[V [V] [DP case_agr]],0,1.1444054128706737e-30,-143.75989005273343,xMerge,[.. [DP2 case_agr] [V [V] [DP case_agr]]],1,0,1,1,0,0,0,0,0,0,0,0,0,0,0,0,0,0,0,0,0.0
accusative_[V [V] [DP case_agr]],0,1.1444054128706737e-30,-143.75989005273343,xMerge,[.. [T case] [V [V] [DP case_agr]]],1,0,1,1,0,0,0,0,0,0,0,0,0,0,0,0,0,0,0,0,0.0
accusative_[V [V] [DP case_agr]],0,1.1444054128706737e-30,-143.75989005273343,xMerge,[.. [C] [V [V] [DP case_agr]]],1,0,1,1,0,0,0,0,0,0,0,0,0,0,0,0,0,0,0,0,0.0
accusative_[V [V] [DP case_agr]],0,3.2102367034416705e-11,-98.97931382409246,iMerge,[.. [DP case_agr] [V [V] [DP case_agr]]],0,1,1,0,0,0,0,0,0,0,0,0,0,0,0,0,0,0,0,0,0.0
accusative_[V [V] [DP case_agr]],0,0.011440317335215222,-79.28783402929416,rMerge,[V [V] [DP case_agr]],0,1,0,1,0,0,0,0,0,0,0,0,0,0,0,0,0,0,0,0,0.0
accusative_[.. [v case] [V [V] [DP case_agr]]],1,0.999999999874562,-76.1801042964974,Label,[v case [v case] [V [V] [DP case_agr]]],0,0,0,2,0,0,0,0,0,0,0,0,0,0,0,0,0,1,0,0,0.0
accusative_[.. [v case] [V [V] [DP case_agr]]],0,5.100955696189688e-44,-175.86442047452553,Label,[V [v case] [V [V] [DP case_agr]]],0,0,0,1,0,0,0,1,0,0,0,0,0,0,0,0,1,0,0,0,0.0
accusative_[.. [v case] [V [V] [DP case_agr]]],0,4.471692773452733e-30,-143.75989005273343,xMerge,[.. [DP2 case_agr] [.. [v case] [V [V] [DP case_agr]]]],1,0,1,1,0,0,0,0,0,0,0,0,0,0,0,0,0,0,0,0,0.0
accusative_[.. [v case] [V [V] [DP case_agr]]],0,4.471692773452733e-30,-143.75989005273343,xMerge,[.. [T case] [.. [v case] [V [V] [DP case_agr]]]],1,0,1,1,0,0,0,0,0,0,0,0,0,0,0,0,0,0,0,0,0.0
accusative_[.. [v case] [V [V] [DP case_agr]]],0,4.471692773452733e-30,-143.75989005273343,xMerge,[.. [C] [.. [v case] [V [V] [DP case_agr]]]],1,0,1,1,0,0,0,0,0,0,0,0,0,0,0,0,0,0,0,0,0.0
accusative_[.. [v case] [V [V] [DP case_agr]]],0,1.5456267951529827e-52,-195.479099611328,iMerge,[.. [v case] [.. [v case] [V [V] [DP case_agr]]]],1,1,1,1,0,0,0,0,0,0,0,0,0,0,0,0,0,0,0,0,0.0
accusative_[.. [v case] [V [V] [DP case_agr]]],0,1.335142526329235e-22,-126.54793829479203,iMerge,[.. [V [V] [DP case_agr]] [.. [v case] [V [V] [DP case_agr]]]],0,1,1,1,0,0,0,0,0,0,0,0,0,0,0,0,0,0,0,0,0.0
accusative_[.. [v case] [V [V] [DP case_agr]]],0,1.2543799694064437e-10,-98.97931382409246,iMerge,[.. [DP case_agr] [.. [v case] [V [V] [DP case_agr]]]],0,1,1,0,0,0,0,0,0,0,0,0,0,0,0,0,0,0,0,0,0.0
accusative_[.. [v case] [V [V] [DP case_agr]]],0,1.335142526329235e-22,-126.54793829479203,rMerge,[.. [v case] [V [V] [DP case_agr]]],0,1,1,1,0,0,0,0,0,0,0,0,0,0,0,0,0,0,0,0,0.0
accusative_[v case [v case] [V [V] [DP case_agr]]],0,0.03172476957430548,-102.39735320689704,xMerge,[.. [DP2 case_agr] [v case [v case] [V [V] [DP case_agr]]]],0,0,1,2,0,0,0,0,0,0,0,0,0,0,0,0,0,0,0,0,0.0
accusative_[v case [v case] [V [V] [DP case_agr]]],0,3.672615691368451e-32,-171.328514523433,xMerge,[.. [T case] [v case [v case] [V [V] [DP case_agr]]]],1,0,1,2,0,0,0,0,0,0,0,0,0,0,0,0,0,0,0,0,0.0
accusative_[v case [v case] [V [V] [DP case_agr]]],0,3.672615691368451e-32,-171.328514523433,xMerge,[.. [C] [v case [v case] [V [V] [DP case_agr]]]],1,0,1,2,0,0,0,0,0,0,0,0,0,0,0,0,0,0,0,0,0.0
accusative_[v case [v case] [V [V] [DP case_agr]]],0,1.030226312936809e-12,-126.54793829479203,iMerge,[.. [V [V] [DP case_agr]] [v case [v case] [V [V] [DP case_agr]]]],0,1,1,1,0,0,0,0,0,0,0,0,0,0,0,0,0,0,0,0,0.0
accusative_[v case [v case] [V [V] [DP case_agr]]],1,0.9679080887763726,-98.97931382409246,iMerge,[.. [DP case_agr] [v case [v case] [V [V] [DP case_agr]]]],0,1,1,0,0,0,0,0,0,0,0,0,0,0,0,0,0,0,0,0,0.0
accusative_[v case [v case] [V [V] [DP case_agr]]],0,0.0003671416482918543,-106.85645849999374,rMerge,[v case [v case] [V [V] [DP case_agr]]],0,1,0,2,0,0,0,0,0,0,0,0,0,0,0,0,0,0,0,0,0.0
accusative_[.. [DP case_agr] [v case [v case] [V [V] [DP case_agr]]]],1,1.0,0.0,Agree,[.. [DP] [v case [v case] [V [V] [DP case_agr]]]],0,0,0,0,0,0,0,0,0,0,0,0,0,0,0,0,0,0,0,0,0.0
accusative_[.. [DP case_agr] [v case [v case] [V [V] [DP case_agr]]]],0,6.823040664558254e-79,-179.98391712879055,Label,[DP case_agr [DP case_agr] [v case [v case] [V [V] [DP case_agr]]]],0,0,0,0,0,0,0,1,0,0,0,0,0,0,0,1,0,0,0,0,0.0
accusative_[.. [DP case_agr] [v case [v case] [V [V] [DP case_agr]]]],0,7.732190663613157e-22,-48.61147982579783,Label,[v case [DP case_agr] [v case [v case] [V [V] [DP case_agr]]]],0,0,0,1,0,0,0,0,0,0,0,0,0,0,0,0,0,1,0,0,0.0
accusative_[.. [DP case_agr] [v case [v case] [V [V] [DP case_agr]]]],0,3.457598111777479e-51,-116.19126558203385,xMerge,[.. [DP2 case_agr] [.. [DP case_agr] [v case [v case] [V [V] [DP case_agr]]]]],1,0,1,0,0,0,0,0,0,0,0,0,0,0,0,0,0,0,0,0,0.0
accusative_[.. [DP case_agr] [v case [v case] [V [V] [DP case_agr]]]],0,3.457598111777479e-51,-116.19126558203385,xMerge,[.. [T case] [.. [DP case_agr] [v case [v case] [V [V] [DP case_agr]]]]],1,0,1,0,0,0,0,0,0,0,0,0,0,0,0,0,0,0,0,0,0.0
accusative_[.. [DP case_agr] [v case [v case] [V [V] [DP case_agr]]]],0,3.457598111777479e-51,-116.19126558203385,xMerge,[.. [C] [.. [DP case_agr] [v case [v case] [V [V] [DP case_agr]]]]],1,0,1,0,0,0,0,0,0,0,0,0,0,0,0,0,0,0,0,0,0.0
accusative_[.. [DP case_agr] [v case [v case] [V [V] [DP case_agr]]]],0,1.0323576577970764e-43,-98.97931382409246,iMerge,[.. [DP case_agr] [.. [DP case_agr] [v case [v case] [V [V] [DP case_agr]]]]],0,1,1,0,0,0,0,0,0,0,0,0,0,0,0,0,0,0,0,0,0.0
accusative_[.. [DP case_agr] [v case [v case] [V [V] [DP case_agr]]]],0,1.1695726961190749e-67,-154.1165627654916,iMerge,[.. [v case [v case] [V [V] [DP case_agr]]] [.. [DP case_agr] [v case [v case] [V [V] [DP case_agr]]]]],0,1,1,2,0,0,0,0,0,0,0,0,0,0,0,0,0,0,0,0,0.0
accusative_[.. [DP case_agr] [v case [v case] [V [V] [DP case_agr]]]],0,1.0988254316263798e-55,-126.54793829479203,iMerge,[.. [V [V] [DP case_agr]] [.. [DP case_agr] [v case [v case] [V [V] [DP case_agr]]]]],0,1,1,1,0,0,0,0,0,0,0,0,0,0,0,0,0,0,0,0,0.0
accusative_[.. [DP case_agr] [v case [v case] [V [V] [DP case_agr]]]],0,1.0323576577970764e-43,-98.97931382409246,rMerge,[.. [DP case_agr] [v case [v case] [V [V] [DP case_agr]]]],0,1,1,0,0,0,0,0,0,0,0,0,0,0,0,0,0,0,0,0,0.0
accusative_[.. [DP] [v case [v case] [V [V] [DP case_agr]]]],0,9.392342558833e-70,-179.98391712879055,Label,[DP [DP] [v case [v case] [V [V] [DP case_agr]]]],0,0,0,0,0,0,0,1,0,0,0,0,0,0,0,1,0,0,0,0,0.0
accusative_[.. [DP] [v case [v case] [V [V] [DP case_agr]]]],1,1.0,-21.042855355098247,Label,[v [DP] [v case [v case] [V [V] [DP case_agr]]]],0,0,0,0,0,0,0,0,0,0,0,0,0,0,0,0,0,1,0,0,0.0
accusative_[.. [DP] [v case [v case] [V [V] [DP case_agr]]]],0,4.759600227106483e-42,-116.19126558203385,xMerge,[.. [DP2 case_agr] [.. [DP] [v case [v case] [V [V] [DP case_agr]]]]],1,0,1,0,0,0,0,0,0,0,0,0,0,0,0,0,0,0,0,0,0.0
accusative_[.. [DP] [v case [v case] [V [V] [DP case_agr]]]],0,4.759600227106483e-42,-116.19126558203385,xMerge,[.. [T case] [.. [DP] [v case [v case] [V [V] [DP case_agr]]]]],1,0,1,0,0,0,0,0,0,0,0,0,0,0,0,0,0,0,0,0,0.0
accusative_[.. [DP] [v case [v case] [V [V] [DP case_agr]]]],0,4.759600227106483e-42,-116.19126558203385,xMerge,[.. [C] [.. [DP] [v case [v case] [V [V] [DP case_agr]]]]],1,0,1,0,0,0,0,0,0,0,0,0,0,0,0,0,0,0,0,0,0.0
accusative_[.. [DP] [v case [v case] [V [V] [DP case_agr]]]],0,1.4211049357555606e-34,-98.97931382409246,iMerge,[.. [DP] [.. [DP] [v case [v case] [V [V] [DP case_agr]]]]],0,1,1,0,0,0,0,0,0,0,0,0,0,0,0,0,0,0,0,0,0.0
accusative_[.. [DP] [v case [v case] [V [V] [DP case_agr]]]],0,1.6099900248974186e-58,-154.1165627654916,iMerge,[.. [v case [v case] [V [V] [DP case_agr]]] [.. [DP] [v case [v case] [V [V] [DP case_agr]]]]],0,1,1,2,0,0,0,0,0,0,0,0,0,0,0,0,0,0,0,0,0.0
accusative_[.. [DP] [v case [v case] [V [V] [DP case_agr]]]],0,1.5126019869413564e-46,-126.54793829479203,iMerge,[.. [V [V] [DP case_agr]] [.. [DP] [v case [v case] [V [V] [DP case_agr]]]]],0,1,1,1,0,0,0,0,0,0,0,0,0,0,0,0,0,0,0,0,0.0
accusative_[.. [DP] [v case [v case] [V [V] [DP case_agr]]]],0,1.4211049357555606e-34,-98.97931382409246,rMerge,[.. [DP] [v case [v case] [V [V] [DP case_agr]]]],0,1,1,0,0,0,0,0,0,0,0,0,0,0,0,0,0,0,0,0,0.0
accusative_[v [DP] [v case [v case] [V [V] [DP case_agr]]]],1,0.9885596826644174,-47.26010426549789,xMerge,[.. [DP2 case_agr] [v [DP] [v case [v case] [V [V] [DP case_agr]]]]],0,0,1,0,0,0,0,0,0,0,0,0,0,0,0,0,0,0,0,0,0.0
accusative_[v [DP] [v case [v case] [V [V] [DP case_agr]]]],0,1.1444054129074116e-30,-116.19126558203385,xMerge,[.. [T case] [v [DP] [v case [v case] [V [V] [DP case_agr]]]]],1,0,1,0,0,0,0,0,0,0,0,0,0,0,0,0,0,0,0,0,0.0
accusative_[v [DP] [v case [v case] [V [V] [DP case_agr]]]],0,1.1444054129074116e-30,-116.19126558203385,xMerge,[.. [C] [v [DP] [v case [v case] [V [V] [DP case_agr]]]]],1,0,1,0,0,0,0,0,0,0,0,0,0,0,0,0,0,0,0,0,0.0
accusative_[v [DP] [v case [v case] [V [V] [DP case_agr]]]],0,3.416926008882045e-23,-98.97931382409246,iMerge,[.. [DP] [v [DP] [v case [v case] [V [V] [DP case_agr]]]]],0,1,1,0,0,0,0,0,0,0,0,0,0,0,0,0,0,0,0,0,0.0
accusative_[v [DP] [v case [v case] [V [V] [DP case_agr]]]],0,3.6369228902288377e-35,-126.54793829479203,iMerge,[.. [V [V] [DP case_agr]] [v [DP] [v case [v case] [V [V] [DP case_agr]]]]],0,1,1,1,0,0,0,0,0,0,0,0,0,0,0,0,0,0,0,0,0.0
accusative_[v [DP] [v case [v case] [V [V] [DP case_agr]]]],0,0.011440317335582562,-51.71920955859458,rMerge,[v [DP] [v case [v case] [V [V] [DP case_agr]]]],0,1,0,0,0,0,0,0,0,0,0,0,0,0,0,0,0,0,0,0,0.0
accusative_[.. [DP2 case_agr] [v [DP] [v case [v case] [V [V] [DP case_agr]]]]],1,1.0,-0.00030991741801392767,Label,[DP2 case_agr [DP2 case_agr] [v [DP] [v case [v case] [V [V] [DP case_agr]]]]],0,0,0,0,0,0,0,0,0,0,0,0,0,0,0,0,0,0,0,0,1.0
accusative_[.. [DP2 case_agr] [v [DP] [v case [v case] [V [V] [DP case_agr]]]]],0,7.734587375551419e-22,-48.61147982579783,Label,[v [DP2 case_agr] [v [DP] [v case [v case] [V [V] [DP case_agr]]]]],0,0,0,1,0,0,0,0,0,0,0,0,0,0,0,0,0,1,0,0,0.0
accusative_[.. [DP2 case_agr] [v [DP] [v case [v case] [V [V] [DP case_agr]]]]],0,3.458669847723051e-51,-116.19126558203385,xMerge,[.. [T case] [.. [DP2 case_agr] [v [DP] [v case [v case] [V [V] [DP case_agr]]]]]],1,0,1,0,0,0,0,0,0,0,0,0,0,0,0,0,0,0,0,0,0.0
accusative_[.. [DP2 case_agr] [v [DP] [v case [v case] [V [V] [DP case_agr]]]]],0,3.458669847723051e-51,-116.19126558203385,xMerge,[.. [C] [.. [DP2 case_agr] [v [DP] [v case [v case] [V [V] [DP case_agr]]]]]],1,0,1,0,0,0,0,0,0,0,0,0,0,0,0,0,0,0,0,0,0.0
accusative_[.. [DP2 case_agr] [v [DP] [v case [v case] [V [V] [DP case_agr]]]]],0,1.1954785498603845e-73,-167.91047514062842,iMerge,[.. [DP2 case_agr] [.. [DP2 case_agr] [v [DP] [v case [v case] [V [V] [DP case_agr]]]]]],1,1,1,0,0,0,0,0,0,0,0,0,0,0,0,0,0,0,0,0,0.0
accusative_[.. [DP2 case_agr] [v [DP] [v case [v case] [V [V] [DP case_agr]]]]],0,1.03267765300033e-43,-98.97931382409246,iMerge,[.. [v [DP] [v case [v case] [V [V] [DP case_agr]]]] [.. [DP2 case_agr] [v [DP] [v case [v case] [V [V] [DP case_agr]]]]]],0,1,1,0,0,0,0,0,0,0,0,0,0,0,0,0,0,0,0,0,0.0
accusative_[.. [DP2 case_agr] [v [DP] [v case [v case] [V [V] [DP case_agr]]]]],0,1.03267765300033e-43,-98.97931382409246,iMerge,[.. [DP] [.. [DP2 case_agr] [v [DP] [v case [v case] [V [V] [DP case_agr]]]]]],0,1,1,0,0,0,0,0,0,0,0,0,0,0,0,0,0,0,0,0,0.0
accusative_[.. [DP2 case_agr] [v [DP] [v case [v case] [V [V] [DP case_agr]]]]],0,1.0991660295428848e-55,-126.54793829479203,iMerge,[.. [V [V] [DP case_agr]] [.. [DP2 case_agr] [v [DP] [v case [v case] [V [V] [DP case_agr]]]]]],0,1,1,1,0,0,0,0,0,0,0,0,0,0,0,0,0,0,0,0,0.0
accusative_[.. [DP2 case_agr] [v [DP] [v case [v case] [V [V] [DP case_agr]]]]],0,1.03267765300033e-43,-98.97931382409246,rMerge,[.. [DP2 case_agr] [v [DP] [v case [v case] [V [V] [DP case_agr]]]]],0,1,1,0,0,0,0,0,0,0,0,0,0,0,0,0,0,0,0,0,0.0
accusative_[DP2 case_agr [DP2 case_agr] [v [DP] [v case [v case] [V [V] [DP case_agr]]]]],0,4.363268156717398e-16,-82.61673813841145,mtAgree,[DP2 [DP2 case_agr] [v [DP] [v case [v case] [V [V] [DP case_agr]]]]],0,0,0,0,0,0,0,0,0,0,0,1,0,0,0,0,0,0,0,0,0.0
accusative_[DP2 case_agr [DP2 case_agr] [v [DP] [v case [v case] [V [V] [DP case_agr]]]]],1,0.9885596826644168,-47.26010426549789,xMerge,[.. [T case] [DP2 case_agr [DP2 case_agr] [v [DP] [v case [v case] [V [V] [DP case_agr]]]]]],0,0,1,0,0,0,0,0,0,0,0,0,0,0,0,0,0,0,0,0,0.0
accusative_[DP2 case_agr [DP2 case_agr] [v [DP] [v case [v case] [V [V] [DP case_agr]]]]],0,1.144405412907411e-30,-116.19126558203385,xMerge,[.. [C] [DP2 case_agr [DP2 case_agr] [v [DP] [v case [v case] [V [V] [DP case_agr]]]]]],1,0,1,0,0,0,0,0,0,0,0,0,0,0,0,0,0,0,0,0,0.0
accusative_[DP2 case_agr [DP2 case_agr] [v [DP] [v case [v case] [V [V] [DP case_agr]]]]],0,3.416926008882043e-23,-98.97931382409246,iMerge,[.. [v [DP] [v case [v case] [V [V] [DP case_agr]]]] [DP2 case_agr [DP2 case_agr] [v [DP] [v case [v case] [V [V] [DP case_agr]]]]]],0,1,1,0,0,0,0,0,0,0,0,0,0,0,0,0,0,0,0,0,0.0
accusative_[DP2 case_agr [DP2 case_agr] [v [DP] [v case [v case] [V [V] [DP case_agr]]]]],0,3.416926008882043e-23,-98.97931382409246,iMerge,[.. [DP] [DP2 case_agr [DP2 case_agr] [v [DP] [v case [v case] [V [V] [DP case_agr]]]]]],0,1,1,0,0,0,0,0,0,0,0,0,0,0,0,0,0,0,0,0,0.0
accusative_[DP2 case_agr [DP2 case_agr] [v [DP] [v case [v case] [V [V] [DP case_agr]]]]],0,3.6369228902288355e-35,-126.54793829479203,iMerge,[.. [V [V] [DP case_agr]] [DP2 case_agr [DP2 case_agr] [v [DP] [v case [v case] [V [V] [DP case_agr]]]]]],0,1,1,1,0,0,0,0,0,0,0,0,0,0,0,0,0,0,0,0,0.0
accusative_[DP2 case_agr [DP2 case_agr] [v [DP] [v case [v case] [V [V] [DP case_agr]]]]],0,0.011440317335582557,-51.71920955859458,rMerge,[DP2 case_agr [DP2 case_agr] [v [DP] [v case [v case] [V [V] [DP case_agr]]]]],0,1,0,0,0,0,0,0,0,0,0,0,0,0,0,0,0,0,0,0,0.0
accusative_[.. [T case] [DP2 case_agr [DP2 case_agr] [v [DP] [v case [v case] [V [V] [DP case_agr]]]]]],1,1.0,0.0,Agree,[.. [T case] [DP2 [DP2 case_agr] [v [DP] [v case [v case] [V [V] [DP case_agr]]]]]],0,0,0,0,0,0,0,0,0,0,0,0,0,0,0,0,0,0,0,0,0.0
accusative_[.. [T case] [DP2 case_agr [DP2 case_agr] [v [DP] [v case [v case] [V [V] [DP case_agr]]]]]],0,1.5617886182247953e-27,-61.72396579622033,Label,[T case [T case] [DP2 case_agr [DP2 case_agr] [v [DP] [v case [v case] [V [V] [DP case_agr]]]]]],0,0,0,1,0,0,0,0,0,0,0,0,0,0,0,0,0,0,1,0,0.0
accusative_[.. [T case] [DP2 case_agr [DP2 case_agr] [v [DP] [v case [v case] [V [V] [DP case_agr]]]]]],0,1.833544921398947e-35,-79.98422704620855,Label,[DP2 case_agr [T case] [DP2 case_agr [DP2 case_agr] [v [DP] [v case [v case] [V [V] [DP case_agr]]]]]],0,0,0,0,0,0,0,1,0,0,0,0,0,0,0,0,0,0,0,0,1.0
accusative_[.. [T case] [DP2 case_agr [DP2 case_agr] [v [DP] [v case [v case] [V [V] [DP case_agr]]]]]],0,3.457598111777479e-51,-116.19126558203385,xMerge,[.. [C] [.. [T case] [DP2 case_agr [DP2 case_agr] [v [DP] [v case [v case] [V [V] [DP case_agr]]]]]]],1,0,1,0,0,0,0,0,0,0,0,0,0,0,0,0,0,0,0,0,0.0
accusative_[.. [T case] [DP2 case_agr [DP2 case_agr] [v [DP] [v case [v case] [V [V] [DP case_agr]]]]]],0,1.1951081076411339e-73,-167.91047514062842,iMerge,[.. [T case] [.. [T case] [DP2 case_agr [DP2 case_agr] [v [DP] [v case [v case] [V [V] [DP case_agr]]]]]]],1,1,1,0,0,0,0,0,0,0,0,0,0,0,0,0,0,0,0,0,0.0
accusative_[.. [T case] [DP2 case_agr [DP2 case_agr] [v [DP] [v case [v case] [V [V] [DP case_agr]]]]]],0,1.0323576577970764e-43,-98.97931382409246,iMerge,[.. [DP2 case_agr [DP2 case_agr] [v [DP] [v case [v case] [V [V] [DP case_agr]]]]] [.. [T case] [DP2 case_agr [DP2 case_agr] [v [DP] [v case [v case] [V [V] [DP case_agr]]]]]]],0,1,1,0,0,0,0,0,0,0,0,0,0,0,0,0,0,0,0,0,0.0
accusative_[.. [T case] [DP2 case_agr [DP2 case_agr] [v [DP] [v case [v case] [V [V] [DP case_agr]]]]]],0,1.0323576577970764e-43,-98.97931382409246,iMerge,[.. [v [DP] [v case [v case] [V [V] [DP case_agr]]]] [.. [T case] [DP2 case_agr [DP2 case_agr] [v [DP] [v case [v case] [V [V] [DP case_agr]]]]]]],0,1,1,0,0,0,0,0,0,0,0,0,0,0,0,0,0,0,0,0,0.0
accusative_[.. [T case] [DP2 case_agr [DP2 case_agr] [v [DP] [v case [v case] [V [V] [DP case_agr]]]]]],0,1.0323576577970764e-43,-98.97931382409246,iMerge,[.. [DP] [.. [T case] [DP2 case_agr [DP2 case_agr] [v [DP] [v case [v case] [V [V] [DP case_agr]]]]]]],0,1,1,0,0,0,0,0,0,0,0,0,0,0,0,0,0,0,0,0,0.0
accusative_[.. [T case] [DP2 case_agr [DP2 case_agr] [v [DP] [v case [v case] [V [V] [DP case_agr]]]]]],0,1.0988254316263798e-55,-126.54793829479203,iMerge,[.. [V [V] [DP case_agr]] [.. [T case] [DP2 case_agr [DP2 case_agr] [v [DP] [v case [v case] [V [V] [DP case_agr]]]]]]],0,1,1,1,0,0,0,0,0,0,0,0,0,0,0,0,0,0,0,0,0.0
accusative_[.. [T case] [DP2 case_agr [DP2 case_agr] [v [DP] [v case [v case] [V [V] [DP case_agr]]]]]],0,1.0323576577970764e-43,-98.97931382409246,rMerge,[.. [T case] [DP2 case_agr [DP2 case_agr] [v [DP] [v case [v case] [V [V] [DP case_agr]]]]]],0,1,1,0,0,0,0,0,0,0,0,0,0,0,0,0,0,0,0,0,0.0
accusative_[.. [T case] [DP2 [DP2 case_agr] [v [DP] [v case [v case] [V [V] [DP case_agr]]]]]],1,1.0,-34.155341325520745,Label,[T [T case] [DP2 [DP2 case_agr] [v [DP] [v case [v case] [V [V] [DP case_agr]]]]]],0,0,0,0,0,0,0,0,0,0,0,0,0,0,0,0,0,0,1,0,0.0
accusative_[.. [T case] [DP2 [DP2 case_agr] [v [DP] [v case [v case] [V [V] [DP case_agr]]]]]],0,1.2495908018405032e-20,-79.98422704620855,Label,[DP2 [T case] [DP2 [DP2 case_agr] [v [DP] [v case [v case] [V [V] [DP case_agr]]]]]],0,0,0,0,0,0,0,1,0,0,0,0,0,0,0,0,0,0,0,0,1.0
accusative_[.. [T case] [DP2 [DP2 case_agr] [v [DP] [v case [v case] [V [V] [DP case_agr]]]]]],0,2.3564095684341007e-36,-116.19126558203385,xMerge,[.. [C] [.. [T case] [DP2 [DP2 case_agr] [v [DP] [v case [v case] [V [V] [DP case_agr]]]]]]],1,0,1,0,0,0,0,0,0,0,0,0,0,0,0,0,0,0,0,0,0.0
accusative_[.. [T case] [DP2 [DP2 case_agr] [v [DP] [v case [v case] [V [V] [DP case_agr]]]]]],0,8.144856889428969e-59,-167.91047514062842,iMerge,[.. [T case] [.. [T case] [DP2 [DP2 case_agr] [v [DP] [v case [v case] [V [V] [DP case_agr]]]]]]],1,1,1,0,0,0,0,0,0,0,0,0,0,0,0,0,0,0,0,0,0.0
accusative_[.. [T case] [DP2 [DP2 case_agr] [v [DP] [v case [v case] [V [V] [DP case_agr]]]]]],0,7.035686000038535e-29,-98.97931382409246,iMerge,[.. [DP2 [DP2 case_agr] [v [DP] [v case [v case] [V [V] [DP case_agr]]]]] [.. [T case] [DP2 [DP2 case_agr] [v [DP] [v case [v case] [V [V] [DP case_agr]]]]]]],0,1,1,0,0,0,0,0,0,0,0,0,0,0,0,0,0,0,0,0,0.0
accusative_[.. [T case] [DP2 [DP2 case_agr] [v [DP] [v case [v case] [V [V] [DP case_agr]]]]]],0,7.035686000038535e-29,-98.97931382409246,iMerge,[.. [v [DP] [v case [v case] [V [V] [DP case_agr]]]] [.. [T case] [DP2 [DP2 case_agr] [v [DP] [v case [v case] [V [V] [DP case_agr]]]]]]],0,1,1,0,0,0,0,0,0,0,0,0,0,0,0,0,0,0,0,0,0.0
accusative_[.. [T case] [DP2 [DP2 case_agr] [v [DP] [v case [v case] [V [V] [DP case_agr]]]]]],0,7.035686000038535e-29,-98.97931382409246,iMerge,[.. [DP] [.. [T case] [DP2 [DP2 case_agr] [v [DP] [v case [v case] [V [V] [DP case_agr]]]]]]],0,1,1,0,0,0,0,0,0,0,0,0,0,0,0,0,0,0,0,0,0.0
accusative_[.. [T case] [DP2 [DP2 case_agr] [v [DP] [v case [v case] [V [V] [DP case_agr]]]]]],0,7.488674731465641e-41,-126.54793829479203,iMerge,[.. [V [V] [DP case_agr]] [.. [T case] [DP2 [DP2 case_agr] [v [DP] [v case [v case] [V [V] [DP case_agr]]]]]]],0,1,1,1,0,0,0,0,0,0,0,0,0,0,0,0,0,0,0,0,0.0
accusative_[.. [T case] [DP2 [DP2 case_agr] [v [DP] [v case [v case] [V [V] [DP case_agr]]]]]],0,7.035686000038535e-29,-98.97931382409246,rMerge,[.. [T case] [DP2 [DP2 case_agr] [v [DP] [v case [v case] [V [V] [DP case_agr]]]]]],0,1,1,0,0,0,0,0,0,0,0,0,0,0,0,0,0,0,0,0,0.0
accusative_[T [T case] [DP2 [DP2 case_agr] [v [DP] [v case [v case] [V [V] [DP case_agr]]]]]],1,0.9885596826644174,-47.26010426549789,xMerge,[.. [C] [T [T case] [DP2 [DP2 case_agr] [v [DP] [v case [v case] [V [V] [DP case_agr]]]]]]],0,0,1,0,0,0,0,0,0,0,0,0,0,0,0,0,0,0,0,0,0.0
accusative_[T [T case] [DP2 [DP2 case_agr] [v [DP] [v case [v case] [V [V] [DP case_agr]]]]]],0,3.416926008882045e-23,-98.97931382409246,iMerge,[.. [DP2 [DP2 case_agr] [v [DP] [v case [v case] [V [V] [DP case_agr]]]]] [T [T case] [DP2 [DP2 case_agr] [v [DP] [v case [v case] [V [V] [DP case_agr]]]]]]],0,1,1,0,0,0,0,0,0,0,0,0,0,0,0,0,0,0,0,0,0.0
accusative_[T [T case] [DP2 [DP2 case_agr] [v [DP] [v case [v case] [V [V] [DP case_agr]]]]]],0,3.416926008882045e-23,-98.97931382409246,iMerge,[.. [v [DP] [v case [v case] [V [V] [DP case_agr]]]] [T [T case] [DP2 [DP2 case_agr] [v [DP] [v case [v case] [V [V] [DP case_agr]]]]]]],0,1,1,0,0,0,0,0,0,0,0,0,0,0,0,0,0,0,0,0,0.0
accusative_[T [T case] [DP2 [DP2 case_agr] [v [DP] [v case [v case] [V [V] [DP case_agr]]]]]],0,3.416926008882045e-23,-98.97931382409246,iMerge,[.. [DP] [T [T case] [DP2 [DP2 case_agr] [v [DP] [v case [v case] [V [V] [DP case_agr]]]]]]],0,1,1,0,0,0,0,0,0,0,0,0,0,0,0,0,0,0,0,0,0.0
accusative_[T [T case] [DP2 [DP2 case_agr] [v [DP] [v case [v case] [V [V] [DP case_agr]]]]]],0,3.6369228902288377e-35,-126.54793829479203,iMerge,[.. [V [V] [DP case_agr]] [T [T case] [DP2 [DP2 case_agr] [v [DP] [v case [v case] [V [V] [DP case_agr]]]]]]],0,1,1,1,0,0,0,0,0,0,0,0,0,0,0,0,0,0,0,0,0.0
accusative_[T [T case] [DP2 [DP2 case_agr] [v [DP] [v case [v case] [V [V] [DP case_agr]]]]]],0,0.011440317335582562,-51.71920955859458,rMerge,[T [T case] [DP2 [DP2 case_agr] [v [DP] [v case [v case] [V [V] [DP case_agr]]]]]],0,1,0,0,0,0,0,0,0,0,0,0,0,0,0,0,0,0,0,0,0.0
accusative_[.. [C] [T [T case] [DP2 [DP2 case_agr] [v [DP] [v case [v case] [V [V] [DP case_agr]]]]]]],1,0.9999999999999984,0.0,Label,[C [C] [T [T case] [DP2 [DP2 case_agr] [v [DP] [v case [v case] [V [V] [DP case_agr]]]]]]],0,0,0,0,0,0,0,0,0,0,0,0,0,0,0,0,0,0,0,1,0.0
accusative_[.. [C] [T [T case] [DP2 [DP2 case_agr] [v [DP] [v case [v case] [V [V] [DP case_agr]]]]]]],0,1.4673162756146601e-15,-34.155341325520745,Label,[T [C] [T [T case] [DP2 [DP2 case_agr] [v [DP] [v case [v case] [V [V] [DP case_agr]]]]]]],0,0,0,0,0,0,0,0,0,0,0,0,0,0,0,0,0,0,1,0,0.0
accusative_[.. [C] [T [T case] [DP2 [DP2 case_agr] [v [DP] [v case [v case] [V [V] [DP case_agr]]]]]]],0,1.195108107641132e-73,-167.91047514062842,iMerge,[.. [C] [.. [C] [T [T case] [DP2 [DP2 case_agr] [v [DP] [v case [v case] [V [V] [DP case_agr]]]]]]]],1,1,1,0,0,0,0,0,0,0,0,0,0,0,0,0,0,0,0,0,0.0
accusative_[.. [C] [T [T case] [DP2 [DP2 case_agr] [v [DP] [v case [v case] [V [V] [DP case_agr]]]]]]],0,1.0323576577970748e-43,-98.97931382409246,iMerge,[.. [T [T case] [DP2 [DP2 case_agr] [v [DP] [v case [v case] [V [V] [DP case_agr]]]]]] [.. [C] [T [T case] [DP2 [DP2 case_agr] [v [DP] [v case [v case] [V [V] [DP case_agr]]]]]]]],0,1,1,0,0,0,0,0,0,0,0,0,0,0,0,0,0,0,0,0,0.0
accusative_[.. [C] [T [T case] [DP2 [DP2 case_agr] [v [DP] [v case [v case] [V [V] [DP case_agr]]]]]]],0,1.0323576577970748e-43,-98.97931382409246,iMerge,[.. [DP2 [DP2 case_agr] [v [DP] [v case [v case] [V [V] [DP case_agr]]]]] [.. [C] [T [T case] [DP2 [DP2 case_agr] [v [DP] [v case [v case] [V [V] [DP case_agr]]]]]]]],0,1,1,0,0,0,0,0,0,0,0,0,0,0,0,0,0,0,0,0,0.0
accusative_[.. [C] [T [T case] [DP2 [DP2 case_agr] [v [DP] [v case [v case] [V [V] [DP case_agr]]]]]]],0,1.0323576577970748e-43,-98.97931382409246,iMerge,[.. [v [DP] [v case [v case] [V [V] [DP case_agr]]]] [.. [C] [T [T case] [DP2 [DP2 case_agr] [v [DP] [v case [v case] [V [V] [DP case_agr]]]]]]]],0,1,1,0,0,0,0,0,0,0,0,0,0,0,0,0,0,0,0,0,0.0
accusative_[.. [C] [T [T case] [DP2 [DP2 case_agr] [v [DP] [v case [v case] [V [V] [DP case_agr]]]]]]],0,1.0323576577970748e-43,-98.97931382409246,iMerge,[.. [DP] [.. [C] [T [T case] [DP2 [DP2 case_agr] [v [DP] [v case [v case] [V [V] [DP case_agr]]]]]]]],0,1,1,0,0,0,0,0,0,0,0,0,0,0,0,0,0,0,0,0,0.0
accusative_[.. [C] [T [T case] [DP2 [DP2 case_agr] [v [DP] [v case [v case] [V [V] [DP case_agr]]]]]]],0,1.0988254316263782e-55,-126.54793829479203,iMerge,[.. [V [V] [DP case_agr]] [.. [C] [T [T case] [DP2 [DP2 case_agr] [v [DP] [v case [v case] [V [V] [DP case_agr]]]]]]]],0,1,1,1,0,0,0,0,0,0,0,0,0,0,0,0,0,0,0,0,0.0
accusative_[.. [C] [T [T case] [DP2 [DP2 case_agr] [v [DP] [v case [v case] [V [V] [DP case_agr]]]]]]],0,1.0323576577970748e-43,-98.97931382409246,rMerge,[.. [C] [T [T case] [DP2 [DP2 case_agr] [v [DP] [v case [v case] [V [V] [DP case_agr]]]]]]],0,1,1,0,0,0,0,0,0,0,0,0,0,0,0,0,0,0,0,0,0.0
accusative_[C [C] [T [T case] [DP2 [DP2 case_agr] [v [DP] [v case [v case] [V [V] [DP case_agr]]]]]]],0,2.9867405847689703e-21,-98.97931382409246,iMerge,[.. [T [T case] [DP2 [DP2 case_agr] [v [DP] [v case [v case] [V [V] [DP case_agr]]]]]] [C [C] [T [T case] [DP2 [DP2 case_agr] [v [DP] [v case [v case] [V [V] [DP case_agr]]]]]]]],0,1,1,0,0,0,0,0,0,0,0,0,0,0,0,0,0,0,0,0,0.0
accusative_[C [C] [T [T case] [DP2 [DP2 case_agr] [v [DP] [v case [v case] [V [V] [DP case_agr]]]]]]],0,2.9867405847689703e-21,-98.97931382409246,iMerge,[.. [DP2 [DP2 case_agr] [v [DP] [v case [v case] [V [V] [DP case_agr]]]]] [C [C] [T [T case] [DP2 [DP2 case_agr] [v [DP] [v case [v case] [V [V] [DP case_agr]]]]]]]],0,1,1,0,0,0,0,0,0,0,0,0,0,0,0,0,0,0,0,0,0.0
accusative_[C [C] [T [T case] [DP2 [DP2 case_agr] [v [DP] [v case [v case] [V [V] [DP case_agr]]]]]]],0,2.9867405847689703e-21,-98.97931382409246,iMerge,[.. [v [DP] [v case [v case] [V [V] [DP case_agr]]]] [C [C] [T [T case] [DP2 [DP2 case_agr] [v [DP] [v case [v case] [V [V] [DP case_agr]]]]]]]],0,1,1,0,0,0,0,0,0,0,0,0,0,0,0,0,0,0,0,0,0.0
accusative_[C [C] [T [T case] [DP2 [DP2 case_agr] [v [DP] [v case [v case] [V [V] [DP case_agr]]]]]]],0,2.9867405847689703e-21,-98.97931382409246,iMerge,[.. [DP] [C [C] [T [T case] [DP2 [DP2 case_agr] [v [DP] [v case [v case] [V [V] [DP case_agr]]]]]]]],0,1,1,0,0,0,0,0,0,0,0,0,0,0,0,0,0,0,0,0,0.0
accusative_[C [C] [T [T case] [DP2 [DP2 case_agr] [v [DP] [v case [v case] [V [V] [DP case_agr]]]]]]],0,3.179040216757797e-33,-126.54793829479203,iMerge,[.. [V [V] [DP case_agr]] [C [C] [T [T case] [DP2 [DP2 case_agr] [v [DP] [v case [v case] [V [V] [DP case_agr]]]]]]]],0,1,1,1,0,0,0,0,0,0,0,0,0,0,0,0,0,0,0,0,0.0
accusative_[C [C] [T [T case] [DP2 [DP2 case_agr] [v [DP] [v case [v case] [V [V] [DP case_agr]]]]]]],1,1.0,-51.71920955859458,rMerge,[C [C] [T [T case] [DP2 [DP2 case_agr] [v [DP] [v case [v case] [V [V] [DP case_agr]]]]]]],0,1,0,0,0,0,0,0,0,0,0,0,0,0,0,0,0,0,0,0,0.0
