input,winner,probability,harmony,operation,output,merge_cond_(59.09),case_(47.04),label_cons_(44.71),exhaust_ws_(54.45),foc_(17.29),case_mt_(57.30),case_agr_(30.95),LB_DP_(100.00),LB_V_(60.70),LB_v_(23.60),LB_DP2_(5.76),LB_T_(26.63),LB_C_(0.00),wh_agr_(0.00),foc_agr_(0.00),cl_agr_(0.00),wh_(0.00),cl_(0.00),wh_mt_(0.00),foc_mt_(0.00),cl_mt_(0.00)
phrasal_[DP case_agr],0,3.3867364051284326e-06,-57.302510944062774,mtAgree,[DP],0,0,0,0,0,1,0,0,0,0,0.0,0,0,0.0,0.0,0.0,0.0,0.0,0.0,0.0,0.0
phrasal_[DP case_agr],1,0.9999380929438877,-44.70692904040663,xMerge,[.. [V] [DP case_agr]],0,0,1,0,0,0,0,0,0,0,0.0,0,0,0.0,0.0,0.0,0.0,0.0,0.0,0.0,0.0
phrasal_[DP case_agr],0,2.1725285755218803e-26,-103.79818781791877,xMerge,"[.. [v case,foc] [DP case_agr]]",1,0,1,0,0,0,0,0,0,0,0.0,0,0,0.0,0.0,0.0,0.0,0.0,0.0,0.0,0.0
phrasal_[DP case_agr],0,2.1725285755218803e-26,-103.79818781791877,xMerge,[.. [DP2 case_agr] [DP case_agr]],1,0,1,0,0,0,0,0,0,0,0.0,0,0,0.0,0.0,0.0,0.0,0.0,0.0,0.0,0.0
phrasal_[DP case_agr],0,2.1725285755218803e-26,-103.79818781791877,xMerge,[.. [T case] [DP case_agr]],1,0,1,0,0,0,0,0,0,0,0.0,0,0,0.0,0.0,0.0,0.0,0.0,0.0,0.0,0.0
phrasal_[DP case_agr],0,2.1725285755218803e-26,-103.79818781791877,xMerge,[.. [C] [DP case_agr]],1,0,1,0,0,0,0,0,0,0,0.0,0,0,0.0,0.0,0.0,0.0,0.0,0.0,0.0,0.0
phrasal_[DP case_agr],0,5.852031970720499e-05,-54.45300365004881,rMerge,[DP case_agr],0,0,0,1,0,0,0,0,0,0,0.0,0,0,0.0,0.0,0.0,0.0,0.0,0.0,0.0,0.0
phrasal_[.. [V] [DP case_agr]],1,0.9991904782628382,-91.65615492614296,Label,[V [V] [DP case_agr]],0,0,0,0,0,0,1,0,1,0,0.0,0,0,0.0,0.0,0.0,0.0,0.0,0.0,0.0,0.0
phrasal_[.. [V] [DP case_agr]],0,0.0002376634588500323,-100.0,Label,[DP case_agr [V] [DP case_agr]],0,0,0,0,0,0,0,1,0,0,0.0,0,0,0.0,0.0,0.0,0.0,0.0,0.0,0.0,0.0
phrasal_[.. [V] [DP case_agr]],0,5.3263586074974165e-06,-103.79818781791877,xMerge,"[.. [v case,foc] [.. [V] [DP case_agr]]]",1,0,1,0,0,0,0,0,0,0,0.0,0,0,0.0,0.0,0.0,0.0,0.0,0.0,0.0,0.0
phrasal_[.. [V] [DP case_agr]],0,5.3263586074974165e-06,-103.79818781791877,xMerge,[.. [DP2 case_agr] [.. [V] [DP case_agr]]],1,0,1,0,0,0,0,0,0,0,0.0,0,0,0.0,0.0,0.0,0.0,0.0,0.0,0.0,0.0
phrasal_[.. [V] [DP case_agr]],0,5.3263586074974165e-06,-103.79818781791877,xMerge,[.. [T case] [.. [V] [DP case_agr]]],1,0,1,0,0,0,0,0,0,0,0.0,0,0,0.0,0.0,0.0,0.0,0.0,0.0,0.0,0.0
phrasal_[.. [V] [DP case_agr]],0,5.3263586074974165e-06,-103.79818781791877,xMerge,[.. [C] [.. [V] [DP case_agr]]],1,0,1,0,0,0,0,0,0,0,0.0,0,0,0.0,0.0,0.0,0.0,0.0,0.0,0.0,0.0
phrasal_[.. [V] [DP case_agr]],0,1.1961658367737086e-29,-158.25119146796757,iMerge,[.. [V] [.. [V] [DP case_agr]]],1,0,1,1,0,0,0,0,0,0,0.0,0,0,0.0,0.0,0.0,0.0,0.0,0.0,0.0,0.0
phrasal_[.. [V] [DP case_agr]],0,1.1961658367737086e-29,-158.25119146796757,iMerge,[.. [DP case_agr] [.. [V] [DP case_agr]]],1,0,1,1,0,0,0,0,0,0,0.0,0,0,0.0,0.0,0.0,0.0,0.0,0.0,0.0,0.0
phrasal_[.. [V] [DP case_agr]],0,0.0005505528438818351,-99.15993269045543,rMerge,[.. [V] [DP case_agr]],0,0,1,1,0,0,0,0,0,0,0.0,0,0,0.0,0.0,0.0,0.0,0.0,0.0,0.0,0.0
phrasal_[V [V] [DP case_agr]],1,0.9999414794197435,-75.6618838010815,xMerge,"[.. [v case,foc] [V [V] [DP case_agr]]]",0,0,1,0,0,0,1,0,0,0,0.0,0,0,0.0,0.0,0.0,0.0,0.0,0.0,0.0,0.0
phrasal_[V [V] [DP case_agr]],0,2.1725359331929544e-26,-134.75314257859364,xMerge,[.. [DP2 case_agr] [V [V] [DP case_agr]]],1,0,1,0,0,0,1,0,0,0,0.0,0,0,0.0,0.0,0.0,0.0,0.0,0.0,0.0,0.0
phrasal_[V [V] [DP case_agr]],0,2.1725359331929544e-26,-134.75314257859364,xMerge,[.. [T case] [V [V] [DP case_agr]]],1,0,1,0,0,0,1,0,0,0,0.0,0,0,0.0,0.0,0.0,0.0,0.0,0.0,0.0,0.0
phrasal_[V [V] [DP case_agr]],0,2.1725359331929544e-26,-134.75314257859364,xMerge,[.. [C] [V [V] [DP case_agr]]],1,0,1,0,0,0,1,0,0,0,0.0,0,0,0.0,0.0,0.0,0.0,0.0,0.0,0.0,0.0
phrasal_[V [V] [DP case_agr]],0,6.23593552054476e-11,-99.15993269045543,iMerge,[.. [DP case_agr] [V [V] [DP case_agr]]],0,0,1,1,0,0,0,0,0,0,0.0,0,0,0.0,0.0,0.0,0.0,0.0,0.0,0.0,0.0
phrasal_[V [V] [DP case_agr]],0,5.8520517897124934e-05,-85.40795841072367,rMerge,[V [V] [DP case_agr]],0,0,0,1,0,0,1,0,0,0,0.0,0,0,0.0,0.0,0.0,0.0,0.0,0.0,0.0,0.0
"phrasal_[.. [v case,foc] [V [V] [DP case_agr]]]",1,1.0,-85.51088121167516,Label,"[v case,foc [v case,foc] [V [V] [DP case_agr]]]",0,0,0,0,0,0,2,0,0,1,0.0,0,0,0.0,0.0,0.0,0.0,0.0,0.0,0.0,0.0
"phrasal_[.. [v case,foc] [V [V] [DP case_agr]]]",0,2.4611796673496317e-31,-155.99037831991564,Label,"[V [v case,foc] [V [V] [DP case_agr]]]",0,1,0,0,1,0,1,0,1,0,0.0,0,0,0.0,0.0,0.0,0.0,0.0,0.0,0.0,0.0
"phrasal_[.. [v case,foc] [V [V] [DP case_agr]]]",0,4.1148841430714165e-22,-134.75314257859364,xMerge,"[.. [DP2 case_agr] [.. [v case,foc] [V [V] [DP case_agr]]]]",1,0,1,0,0,0,1,0,0,0,0.0,0,0,0.0,0.0,0.0,0.0,0.0,0.0,0.0,0.0
"phrasal_[.. [v case,foc] [V [V] [DP case_agr]]]",0,4.1148841430714165e-22,-134.75314257859364,xMerge,"[.. [T case] [.. [v case,foc] [V [V] [DP case_agr]]]]",1,0,1,0,0,0,1,0,0,0,0.0,0,0,0.0,0.0,0.0,0.0,0.0,0.0,0.0,0.0
"phrasal_[.. [v case,foc] [V [V] [DP case_agr]]]",0,4.1148841430714165e-22,-134.75314257859364,xMerge,"[.. [C] [.. [v case,foc] [V [V] [DP case_agr]]]]",1,0,1,0,0,0,1,0,0,0,0.0,0,0,0.0,0.0,0.0,0.0,0.0,0.0,0.0,0.0
"phrasal_[.. [v case,foc] [V [V] [DP case_agr]]]",0,9.240992199240076e-46,-189.20614622864244,iMerge,"[.. [v case,foc] [.. [v case,foc] [V [V] [DP case_agr]]]]",1,0,1,1,0,0,1,0,0,0,0.0,0,0,0.0,0.0,0.0,0.0,0.0,0.0,0.0,0.0
"phrasal_[.. [v case,foc] [V [V] [DP case_agr]]]",0,9.240992199240076e-46,-189.20614622864244,iMerge,"[.. [V [V] [DP case_agr]] [.. [v case,foc] [V [V] [DP case_agr]]]]",1,0,1,1,0,0,1,0,0,0,0.0,0,0,0.0,0.0,0.0,0.0,0.0,0.0,0.0,0.0
"phrasal_[.. [v case,foc] [V [V] [DP case_agr]]]",0,2.5661653925583496e-32,-158.25119146796757,iMerge,"[.. [DP case_agr] [.. [v case,foc] [V [V] [DP case_agr]]]]",1,0,1,1,0,0,0,0,0,0,0.0,0,0,0.0,0.0,0.0,0.0,0.0,0.0,0.0,0.0
"phrasal_[.. [v case,foc] [V [V] [DP case_agr]]]",0,4.2533019913893124e-20,-130.1148874511303,rMerge,"[.. [v case,foc] [V [V] [DP case_agr]]]",0,0,1,1,0,0,1,0,0,0,0.0,0,0,0.0,0.0,0.0,0.0,0.0,0.0,0.0,0.0
"phrasal_[v case,foc [v case,foc] [V [V] [DP case_agr]]]",0,0.0005771068200592174,-106.61683856175637,xMerge,"[.. [DP2 case_agr] [v case,foc [v case,foc] [V [V] [DP case_agr]]]]",0,0,1,0,0,0,2,0,0,0,0.0,0,0,0.0,0.0,0.0,0.0,0.0,0.0,0.0,0.0
"phrasal_[v case,foc [v case,foc] [V [V] [DP case_agr]]]",0,1.2538586804069072e-29,-165.7080973392685,xMerge,"[.. [T case] [v case,foc [v case,foc] [V [V] [DP case_agr]]]]",1,0,1,0,0,0,2,0,0,0,0.0,0,0,0.0,0.0,0.0,0.0,0.0,0.0,0.0,0.0
"phrasal_[v case,foc [v case,foc] [V [V] [DP case_agr]]]",0,1.2538586804069072e-29,-165.7080973392685,xMerge,"[.. [C] [v case,foc [v case,foc] [V [V] [DP case_agr]]]]",1,0,1,0,0,0,2,0,0,0,0.0,0,0,0.0,0.0,0.0,0.0,0.0,0.0,0.0,0.0
"phrasal_[v case,foc [v case,foc] [V [V] [DP case_agr]]]",0,3.599011534599261e-14,-130.1148874511303,iMerge,"[.. [V [V] [DP case_agr]] [v case,foc [v case,foc] [V [V] [DP case_agr]]]]",0,0,1,1,0,0,1,0,0,0,0.0,0,0,0.0,0.0,0.0,0.0,0.0,0.0,0.0,0.0
"phrasal_[v case,foc [v case,foc] [V [V] [DP case_agr]]]",1,0.9994228594053383,-99.15993269045543,iMerge,"[.. [DP case_agr] [v case,foc [v case,foc] [V [V] [DP case_agr]]]]",0,0,1,1,0,0,0,0,0,0,0.0,0,0,0.0,0.0,0.0,0.0,0.0,0.0,0.0,0.0
"phrasal_[v case,foc [v case,foc] [V [V] [DP case_agr]]]",0,3.377456649905772e-08,-116.36291317139853,rMerge,"[v case,foc [v case,foc] [V [V] [DP case_agr]]]",0,0,0,1,0,0,2,0,0,0,0.0,0,0,0.0,0.0,0.0,0.0,0.0,0.0,0.0,0.0
"phrasal_[.. [DP case_agr] [v case,foc [v case,foc] [V [V] [DP case_agr]]]]",1,1.0,0.0,Agree,"[.. [DP] [v case,foc [v case,foc] [V [V] [DP case_agr]]]]",0,0,0,0,0,0,0,0,0,0,0.0,0,0,0.0,0.0,0.0,0.0,0.0,0.0,0.0,0.0
"phrasal_[.. [DP case_agr] [v case,foc [v case,foc] [V [V] [DP case_agr]]]]",0,4.2712362352837063e-72,-164.33422339377267,Label,"[DP case_agr [DP case_agr] [v case,foc [v case,foc] [V [V] [DP case_agr]]]]",0,1,0,0,1,0,0,1,0,0,0.0,0,0,0.0,0.0,0.0,0.0,0.0,0.0,0.0,0.0
"phrasal_[.. [DP case_agr] [v case,foc [v case,foc] [V [V] [DP case_agr]]]]",0,2.026106114590273e-24,-54.55592645100029,Label,"[v case,foc [DP case_agr] [v case,foc [v case,foc] [V [V] [DP case_agr]]]]",0,0,0,0,0,0,1,0,0,1,0.0,0,0,0.0,0.0,0.0,0.0,0.0,0.0,0.0,0.0
"phrasal_[.. [DP case_agr] [v case,foc [v case,foc] [V [V] [DP case_agr]]]]",0,8.337191923107552e-46,-103.79818781791877,xMerge,"[.. [DP2 case_agr] [.. [DP case_agr] [v case,foc [v case,foc] [V [V] [DP case_agr]]]]]",1,0,1,0,0,0,0,0,0,0,0.0,0,0,0.0,0.0,0.0,0.0,0.0,0.0,0.0,0.0
"phrasal_[.. [DP case_agr] [v case,foc [v case,foc] [V [V] [DP case_agr]]]]",0,8.337191923107552e-46,-103.79818781791877,xMerge,"[.. [T case] [.. [DP case_agr] [v case,foc [v case,foc] [V [V] [DP case_agr]]]]]",1,0,1,0,0,0,0,0,0,0,0.0,0,0,0.0,0.0,0.0,0.0,0.0,0.0,0.0,0.0
"phrasal_[.. [DP case_agr] [v case,foc [v case,foc] [V [V] [DP case_agr]]]]",0,8.337191923107552e-46,-103.79818781791877,xMerge,"[.. [C] [.. [DP case_agr] [v case,foc [v case,foc] [V [V] [DP case_agr]]]]]",1,0,1,0,0,0,0,0,0,0,0.0,0,0,0.0,0.0,0.0,0.0,0.0,0.0,0.0,0.0
"phrasal_[.. [DP case_agr] [v case,foc [v case,foc] [V [V] [DP case_agr]]]]",0,1.872323079976133e-69,-158.25119146796757,iMerge,"[.. [DP case_agr] [.. [DP case_agr] [v case,foc [v case,foc] [V [V] [DP case_agr]]]]]",1,0,1,1,0,0,0,0,0,0,0.0,0,0,0.0,0.0,0.0,0.0,0.0,0.0,0.0,0.0
"phrasal_[.. [DP case_agr] [v case,foc [v case,foc] [V [V] [DP case_agr]]]]",0,2.428000157610782e-96,-220.1611009893173,iMerge,"[.. [v case,foc [v case,foc] [V [V] [DP case_agr]]] [.. [DP case_agr] [v case,foc [v case,foc] [V [V] [DP case_agr]]]]]",1,0,1,1,0,0,2,0,0,0,0.0,0,0,0.0,0.0,0.0,0.0,0.0,0.0,0.0,0.0
"phrasal_[.. [DP case_agr] [v case,foc [v case,foc] [V [V] [DP case_agr]]]]",0,6.742403676197648e-83,-189.20614622864244,iMerge,"[.. [V [V] [DP case_agr]] [.. [DP case_agr] [v case,foc [v case,foc] [V [V] [DP case_agr]]]]]",1,0,1,1,0,0,1,0,0,0,0.0,0,0,0.0,0.0,0.0,0.0,0.0,0.0,0.0,0.0
"phrasal_[.. [DP case_agr] [v case,foc [v case,foc] [V [V] [DP case_agr]]]]",0,8.61764117195287e-44,-99.15993269045543,rMerge,"[.. [DP case_agr] [v case,foc [v case,foc] [V [V] [DP case_agr]]]]",0,0,1,1,0,0,0,0,0,0,0.0,0,0,0.0,0.0,0.0,0.0,0.0,0.0,0.0,0.0
"phrasal_[.. [DP] [v case,foc [v case,foc] [V [V] [DP case_agr]]]]",0,7.5914609937849265e-62,-164.33422339377267,Label,"[DP [DP] [v case,foc [v case,foc] [V [V] [DP case_agr]]]]",0,1,0,0,1,0,0,1,0,0,0.0,0,0,0.0,0.0,0.0,0.0,0.0,0.0,0.0,0.0
"phrasal_[.. [DP] [v case,foc [v case,foc] [V [V] [DP case_agr]]]]",1,1.0,-23.60097169032542,Label,"[v foc [DP] [v case,foc [v case,foc] [V [V] [DP case_agr]]]]",0,0,0,0,0,0,0,0,0,1,0.0,0,0,0.0,0.0,0.0,0.0,0.0,0.0,0.0,0.0
"phrasal_[.. [DP] [v case,foc [v case,foc] [V [V] [DP case_agr]]]]",0,1.481806760280159e-35,-103.79818781791877,xMerge,"[.. [DP2 case_agr] [.. [DP] [v case,foc [v case,foc] [V [V] [DP case_agr]]]]]",1,0,1,0,0,0,0,0,0,0,0.0,0,0,0.0,0.0,0.0,0.0,0.0,0.0,0.0,0.0
"phrasal_[.. [DP] [v case,foc [v case,foc] [V [V] [DP case_agr]]]]",0,1.481806760280159e-35,-103.79818781791877,xMerge,"[.. [T case] [.. [DP] [v case,foc [v case,foc] [V [V] [DP case_agr]]]]]",1,0,1,0,0,0,0,0,0,0,0.0,0,0,0.0,0.0,0.0,0.0,0.0,0.0,0.0,0.0
"phrasal_[.. [DP] [v case,foc [v case,foc] [V [V] [DP case_agr]]]]",0,1.481806760280159e-35,-103.79818781791877,xMerge,"[.. [C] [.. [DP] [v case,foc [v case,foc] [V [V] [DP case_agr]]]]]",1,0,1,0,0,0,0,0,0,0,0.0,0,0,0.0,0.0,0.0,0.0,0.0,0.0,0.0,0.0
"phrasal_[.. [DP] [v case,foc [v case,foc] [V [V] [DP case_agr]]]]",0,3.32776433951047e-59,-158.25119146796757,iMerge,"[.. [DP] [.. [DP] [v case,foc [v case,foc] [V [V] [DP case_agr]]]]]",1,0,1,1,0,0,0,0,0,0,0.0,0,0,0.0,0.0,0.0,0.0,0.0,0.0,0.0,0.0
"phrasal_[.. [DP] [v case,foc [v case,foc] [V [V] [DP case_agr]]]]",0,4.315394296654163e-86,-220.1611009893173,iMerge,"[.. [v case,foc [v case,foc] [V [V] [DP case_agr]]] [.. [DP] [v case,foc [v case,foc] [V [V] [DP case_agr]]]]]",1,0,1,1,0,0,2,0,0,0,0.0,0,0,0.0,0.0,0.0,0.0,0.0,0.0,0.0,0.0
"phrasal_[.. [DP] [v case,foc [v case,foc] [V [V] [DP case_agr]]]]",0,1.198357845192019e-72,-189.20614622864244,iMerge,"[.. [V [V] [DP case_agr]] [.. [DP] [v case,foc [v case,foc] [V [V] [DP case_agr]]]]]",1,0,1,1,0,0,1,0,0,0,0.0,0,0,0.0,0.0,0.0,0.0,0.0,0.0,0.0,0.0
"phrasal_[.. [DP] [v case,foc [v case,foc] [V [V] [DP case_agr]]]]",0,1.5316522714171495e-33,-99.15993269045543,rMerge,"[.. [DP] [v case,foc [v case,foc] [V [V] [DP case_agr]]]]",0,0,1,1,0,0,0,0,0,0,0.0,0,0,0.0,0.0,0.0,0.0,0.0,0.0,0.0,0.0
"phrasal_[v foc [DP] [v case,foc [v case,foc] [V [V] [DP case_agr]]]]",1,0.9999414794820993,-44.70692904040663,xMerge,"[.. [DP2 case_agr] [v foc [DP] [v case,foc [v case,foc] [V [V] [DP case_agr]]]]]",0,0,1,0,0,0,0,0,0,0,0.0,0,0,0.0,0.0,0.0,0.0,0.0,0.0,0.0,0.0
"phrasal_[v foc [DP] [v case,foc [v case,foc] [V [V] [DP case_agr]]]]",0,2.1725359333284173e-26,-103.79818781791877,xMerge,"[.. [T case] [v foc [DP] [v case,foc [v case,foc] [V [V] [DP case_agr]]]]]",1,0,1,0,0,0,0,0,0,0,0.0,0,0,0.0,0.0,0.0,0.0,0.0,0.0,0.0,0.0
"phrasal_[v foc [DP] [v case,foc [v case,foc] [V [V] [DP case_agr]]]]",0,2.1725359333284173e-26,-103.79818781791877,xMerge,"[.. [C] [v foc [DP] [v case,foc [v case,foc] [V [V] [DP case_agr]]]]]",1,0,1,0,0,0,0,0,0,0,0.0,0,0,0.0,0.0,0.0,0.0,0.0,0.0,0.0,0.0
"phrasal_[v foc [DP] [v case,foc [v case,foc] [V [V] [DP case_agr]]]]",0,2.2456164232836388e-24,-99.15993269045543,iMerge,"[.. [DP] [v foc [DP] [v case,foc [v case,foc] [V [V] [DP case_agr]]]]]",0,0,1,1,0,0,0,0,0,0,0.0,0,0,0.0,0.0,0.0,0.0,0.0,0.0,0.0,0.0
"phrasal_[v foc [DP] [v case,foc [v case,foc] [V [V] [DP case_agr]]]]",0,8.086666553226714e-38,-130.1148874511303,iMerge,"[.. [V [V] [DP case_agr]] [v foc [DP] [v case,foc [v case,foc] [V [V] [DP case_agr]]]]]",0,0,1,1,0,0,1,0,0,0,0.0,0,0,0.0,0.0,0.0,0.0,0.0,0.0,0.0,0.0
"phrasal_[v foc [DP] [v case,foc [v case,foc] [V [V] [DP case_agr]]]]",0,5.852051790077341e-05,-54.45300365004881,rMerge,"[v foc [DP] [v case,foc [v case,foc] [V [V] [DP case_agr]]]]",0,0,0,1,0,0,0,0,0,0,0.0,0,0,0.0,0.0,0.0,0.0,0.0,0.0,0.0,0.0
"phrasal_[.. [DP2 case_agr] [v foc [DP] [v case,foc [v case,foc] [V [V] [DP case_agr]]]]]",1,0.9999999999999791,-23.054694257348416,Label,"[DP2 case_agr [DP2 case_agr] [v foc [DP] [v case,foc [v case,foc] [V [V] [DP case_agr]]]]]",0,0,0,0,1,0,0,0,0,0,1.0,0,0,0.0,0.0,0.0,0.0,0.0,0.0,0.0,0.0
"phrasal_[.. [DP2 case_agr] [v foc [DP] [v case,foc [v case,foc] [V [V] [DP case_agr]]]]]",0,2.0853967152710912e-14,-54.55592645100029,Label,"[v foc [DP2 case_agr] [v foc [DP] [v case,foc [v case,foc] [V [V] [DP case_agr]]]]]",0,0,0,0,0,0,1,0,0,1,0.0,0,0,0.0,0.0,0.0,0.0,0.0,0.0,0.0,0.0
"phrasal_[.. [DP2 case_agr] [v foc [DP] [v case,foc [v case,foc] [V [V] [DP case_agr]]]]]",0,8.581165875682231e-36,-103.79818781791877,xMerge,"[.. [T case] [.. [DP2 case_agr] [v foc [DP] [v case,foc [v case,foc] [V [V] [DP case_agr]]]]]]",1,0,1,0,0,0,0,0,0,0,0.0,0,0,0.0,0.0,0.0,0.0,0.0,0.0,0.0,0.0
"phrasal_[.. [DP2 case_agr] [v foc [DP] [v case,foc [v case,foc] [V [V] [DP case_agr]]]]]",0,8.581165875682231e-36,-103.79818781791877,xMerge,"[.. [C] [.. [DP2 case_agr] [v foc [DP] [v case,foc [v case,foc] [V [V] [DP case_agr]]]]]]",1,0,1,0,0,0,0,0,0,0,0.0,0,0,0.0,0.0,0.0,0.0,0.0,0.0,0.0,0.0
"phrasal_[.. [DP2 case_agr] [v foc [DP] [v case,foc [v case,foc] [V [V] [DP case_agr]]]]]",0,1.927113477814103e-59,-158.25119146796757,iMerge,"[.. [DP2 case_agr] [.. [DP2 case_agr] [v foc [DP] [v case,foc [v case,foc] [V [V] [DP case_agr]]]]]]",1,0,1,1,0,0,0,0,0,0,0.0,0,0,0.0,0.0,0.0,0.0,0.0,0.0,0.0,0.0
"phrasal_[.. [DP2 case_agr] [v foc [DP] [v case,foc [v case,foc] [V [V] [DP case_agr]]]]]",0,1.927113477814103e-59,-158.25119146796757,iMerge,"[.. [v foc [DP] [v case,foc [v case,foc] [V [V] [DP case_agr]]]] [.. [DP2 case_agr] [v foc [DP] [v case,foc [v case,foc] [V [V] [DP case_agr]]]]]]",1,0,1,1,0,0,0,0,0,0,0.0,0,0,0.0,0.0,0.0,0.0,0.0,0.0,0.0,0.0
"phrasal_[.. [DP2 case_agr] [v foc [DP] [v case,foc [v case,foc] [V [V] [DP case_agr]]]]]",0,1.927113477814103e-59,-158.25119146796757,iMerge,"[.. [DP] [.. [DP2 case_agr] [v foc [DP] [v case,foc [v case,foc] [V [V] [DP case_agr]]]]]]",1,0,1,1,0,0,0,0,0,0,0.0,0,0,0.0,0.0,0.0,0.0,0.0,0.0,0.0,0.0
"phrasal_[.. [DP2 case_agr] [v foc [DP] [v case,foc [v case,foc] [V [V] [DP case_agr]]]]]",0,6.939708822811432e-73,-189.20614622864244,iMerge,"[.. [V [V] [DP case_agr]] [.. [DP2 case_agr] [v foc [DP] [v case,foc [v case,foc] [V [V] [DP case_agr]]]]]]",1,0,1,1,0,0,1,0,0,0,0.0,0,0,0.0,0.0,0.0,0.0,0.0,0.0,0.0,0.0
"phrasal_[.. [DP2 case_agr] [v foc [DP] [v case,foc [v case,foc] [V [V] [DP case_agr]]]]]",0,8.869822001899263e-34,-99.15993269045543,rMerge,"[.. [DP2 case_agr] [v foc [DP] [v case,foc [v case,foc] [V [V] [DP case_agr]]]]]",0,0,1,1,0,0,0,0,0,0,0.0,0,0,0.0,0.0,0.0,0.0,0.0,0.0,0.0,0.0
"phrasal_[DP2 case_agr [DP2 case_agr] [v foc [DP] [v case,foc [v case,foc] [V [V] [DP case_agr]]]]]",0,3.3867364051284084e-06,-74.59505874110633,mtAgree,"[DP2 [DP2 case_agr] [v foc [DP] [v case,foc [v case,foc] [V [V] [DP case_agr]]]]]",0,0,0,0,1,1,0,0,0,0,0.0,0,0,0.0,0.0,0.0,0.0,0.0,0.0,0.0,0.0
"phrasal_[DP2 case_agr [DP2 case_agr] [v foc [DP] [v case,foc [v case,foc] [V [V] [DP case_agr]]]]]",1,0.9999380929438877,-61.999476837450175,xMerge,"[.. [T case] [DP2 case_agr [DP2 case_agr] [v foc [DP] [v case,foc [v case,foc] [V [V] [DP case_agr]]]]]]",0,0,1,0,1,0,0,0,0,0,0.0,0,0,0.0,0.0,0.0,0.0,0.0,0.0,0.0,0.0
"phrasal_[DP2 case_agr [DP2 case_agr] [v foc [DP] [v case,foc [v case,foc] [V [V] [DP case_agr]]]]]",0,2.1725285755218646e-26,-121.09073561496233,xMerge,"[.. [C] [DP2 case_agr [DP2 case_agr] [v foc [DP] [v case,foc [v case,foc] [V [V] [DP case_agr]]]]]]",1,0,1,0,1,0,0,0,0,0,0.0,0,0,0.0,0.0,0.0,0.0,0.0,0.0,0.0,0.0
"phrasal_[DP2 case_agr [DP2 case_agr] [v foc [DP] [v case,foc [v case,foc] [V [V] [DP case_agr]]]]]",0,7.267619663789761e-17,-99.15993269045543,iMerge,"[.. [v foc [DP] [v case,foc [v case,foc] [V [V] [DP case_agr]]]] [DP2 case_agr [DP2 case_agr] [v foc [DP] [v case,foc [v case,foc] [V [V] [DP case_agr]]]]]]",0,0,1,1,0,0,0,0,0,0,0.0,0,0,0.0,0.0,0.0,0.0,0.0,0.0,0.0,0.0
"phrasal_[DP2 case_agr [DP2 case_agr] [v foc [DP] [v case,foc [v case,foc] [V [V] [DP case_agr]]]]]",0,2.2456088179727302e-24,-116.45248048749899,iMerge,"[.. [DP] [DP2 case_agr [DP2 case_agr] [v foc [DP] [v case,foc [v case,foc] [V [V] [DP case_agr]]]]]]",0,0,1,1,1,0,0,0,0,0,0.0,0,0,0.0,0.0,0.0,0.0,0.0,0.0,0.0,0.0
"phrasal_[DP2 case_agr [DP2 case_agr] [v foc [DP] [v case,foc [v case,foc] [V [V] [DP case_agr]]]]]",0,8.086639165818759e-38,-147.40743524817384,iMerge,"[.. [V [V] [DP case_agr]] [DP2 case_agr [DP2 case_agr] [v foc [DP] [v case,foc [v case,foc] [V [V] [DP case_agr]]]]]]",0,0,1,1,1,0,1,0,0,0,0.0,0,0,0.0,0.0,0.0,0.0,0.0,0.0,0.0,0.0
"phrasal_[DP2 case_agr [DP2 case_agr] [v foc [DP] [v case,foc [v case,foc] [V [V] [DP case_agr]]]]]",0,5.852031970720499e-05,-71.74555144709235,rMerge,"[DP2 case_agr [DP2 case_agr] [v foc [DP] [v case,foc [v case,foc] [V [V] [DP case_agr]]]]]",0,0,0,1,1,0,0,0,0,0,0.0,0,0,0.0,0.0,0.0,0.0,0.0,0.0,0.0,0.0
"phrasal_[.. [T case] [DP2 case_agr [DP2 case_agr] [v foc [DP] [v case,foc [v case,foc] [V [V] [DP case_agr]]]]]]",1,1.0,-17.29254779704355,Agree,"[.. [T case] [DP2 [DP2 case_agr] [v foc [DP] [v case,foc [v case,foc] [V [V] [DP case_agr]]]]]]",0,0,0,0,1,0,0,0,0,0,0.0,0,0,0.0,0.0,0.0,0.0,0.0,0.0,0.0,0.0
"phrasal_[.. [T case] [DP2 case_agr [DP2 case_agr] [v foc [DP] [v case,foc [v case,foc] [V [V] [DP case_agr]]]]]]",0,3.0289457306283654e-33,-92.16964125055924,Label,"[T case [T case] [DP2 case_agr [DP2 case_agr] [v foc [DP] [v case,foc [v case,foc] [V [V] [DP case_agr]]]]]]",0,0,0,0,2,0,1,0,0,0,0.0,1,0,0.0,0.0,0.0,0.0,0.0,0.0,0.0,0.0
"phrasal_[.. [T case] [DP2 case_agr [DP2 case_agr] [v foc [DP] [v case,foc [v case,foc] [V [V] [DP case_agr]]]]]]",0,1.1683997549837594e-23,-70.09636985407754,Label,"[DP2 case_agr [T case] [DP2 case_agr [DP2 case_agr] [v foc [DP] [v case,foc [v case,foc] [V [V] [DP case_agr]]]]]]",0,1,0,0,1,0,0,0,0,0,1.0,0,0,0.0,0.0,0.0,0.0,0.0,0.0,0.0,0.0
"phrasal_[.. [T case] [DP2 case_agr [DP2 case_agr] [v foc [DP] [v case,foc [v case,foc] [V [V] [DP case_agr]]]]]]",0,8.337191923107521e-46,-121.09073561496233,xMerge,"[.. [C] [.. [T case] [DP2 case_agr [DP2 case_agr] [v foc [DP] [v case,foc [v case,foc] [V [V] [DP case_agr]]]]]]]",1,0,1,0,1,0,0,0,0,0,0.0,0,0,0.0,0.0,0.0,0.0,0.0,0.0,0.0,0.0
"phrasal_[.. [T case] [DP2 case_agr [DP2 case_agr] [v foc [DP] [v case,foc [v case,foc] [V [V] [DP case_agr]]]]]]",0,1.8723230799761529e-69,-175.5437392650111,iMerge,"[.. [T case] [.. [T case] [DP2 case_agr [DP2 case_agr] [v foc [DP] [v case,foc [v case,foc] [V [V] [DP case_agr]]]]]]]",1,0,1,1,1,0,0,0,0,0,0.0,0,0,0.0,0.0,0.0,0.0,0.0,0.0,0.0,0.0
"phrasal_[.. [T case] [DP2 case_agr [DP2 case_agr] [v foc [DP] [v case,foc [v case,foc] [V [V] [DP case_agr]]]]]]",0,1.8723230799761529e-69,-175.5437392650111,iMerge,"[.. [DP2 case_agr [DP2 case_agr] [v foc [DP] [v case,foc [v case,foc] [V [V] [DP case_agr]]]]] [.. [T case] [DP2 case_agr [DP2 case_agr] [v foc [DP] [v case,foc [v case,foc] [V [V] [DP case_agr]]]]]]]",1,0,1,1,1,0,0,0,0,0,0.0,0,0,0.0,0.0,0.0,0.0,0.0,0.0,0.0,0.0
"phrasal_[.. [T case] [DP2 case_agr [DP2 case_agr] [v foc [DP] [v case,foc [v case,foc] [V [V] [DP case_agr]]]]]]",0,6.059529123726102e-62,-158.25119146796757,iMerge,"[.. [v foc [DP] [v case,foc [v case,foc] [V [V] [DP case_agr]]]] [.. [T case] [DP2 case_agr [DP2 case_agr] [v foc [DP] [v case,foc [v case,foc] [V [V] [DP case_agr]]]]]]]",1,0,1,1,0,0,0,0,0,0,0.0,0,0,0.0,0.0,0.0,0.0,0.0,0.0,0.0,0.0
"phrasal_[.. [T case] [DP2 case_agr [DP2 case_agr] [v foc [DP] [v case,foc [v case,foc] [V [V] [DP case_agr]]]]]]",0,1.8723230799761529e-69,-175.5437392650111,iMerge,"[.. [DP] [.. [T case] [DP2 case_agr [DP2 case_agr] [v foc [DP] [v case,foc [v case,foc] [V [V] [DP case_agr]]]]]]]",1,0,1,1,1,0,0,0,0,0,0.0,0,0,0.0,0.0,0.0,0.0,0.0,0.0,0.0,0.0
"phrasal_[.. [T case] [DP2 case_agr [DP2 case_agr] [v foc [DP] [v case,foc [v case,foc] [V [V] [DP case_agr]]]]]]",0,6.74240367619772e-83,-206.49869402568598,iMerge,"[.. [V [V] [DP case_agr]] [.. [T case] [DP2 case_agr [DP2 case_agr] [v foc [DP] [v case,foc [v case,foc] [V [V] [DP case_agr]]]]]]]",1,0,1,1,1,0,1,0,0,0,0.0,0,0,0.0,0.0,0.0,0.0,0.0,0.0,0.0,0.0
"phrasal_[.. [T case] [DP2 case_agr [DP2 case_agr] [v foc [DP] [v case,foc [v case,foc] [V [V] [DP case_agr]]]]]]",0,8.617641171952839e-44,-116.45248048749899,rMerge,"[.. [T case] [DP2 case_agr [DP2 case_agr] [v foc [DP] [v case,foc [v case,foc] [V [V] [DP case_agr]]]]]]",0,0,1,1,1,0,0,0,0,0,0.0,0,0,0.0,0.0,0.0,0.0,0.0,0.0,0.0,0.0
"phrasal_[.. [T case] [DP2 [DP2 case_agr] [v foc [DP] [v case,foc [v case,foc] [V [V] [DP case_agr]]]]]]",1,0.9998611091610522,-61.21468648988437,Label,"[T [T case] [DP2 [DP2 case_agr] [v foc [DP] [v case,foc [v case,foc] [V [V] [DP case_agr]]]]]]",0,0,0,0,2,0,0,0,0,0,0.0,1,0,0.0,0.0,0.0,0.0,0.0,0.0,0.0,0.0
"phrasal_[.. [T case] [DP2 [DP2 case_agr] [v foc [DP] [v case,foc [v case,foc] [V [V] [DP case_agr]]]]]]",0,0.00013889083894782968,-70.09636985407754,Label,"[DP2 [T case] [DP2 [DP2 case_agr] [v foc [DP] [v case,foc [v case,foc] [V [V] [DP case_agr]]]]]]",0,1,0,0,1,0,0,0,0,0,1.0,0,0,0.0,0.0,0.0,0.0,0.0,0.0,0.0,0.0
"phrasal_[.. [T case] [DP2 [DP2 case_agr] [v foc [DP] [v case,foc [v case,foc] [V [V] [DP case_agr]]]]]]",0,9.910645528041632e-27,-121.09073561496233,xMerge,"[.. [C] [.. [T case] [DP2 [DP2 case_agr] [v foc [DP] [v case,foc [v case,foc] [V [V] [DP case_agr]]]]]]]",1,0,1,0,1,0,0,0,0,0,0.0,0,0,0.0,0.0,0.0,0.0,0.0,0.0,0.0,0.0
"phrasal_[.. [T case] [DP2 [DP2 case_agr] [v foc [DP] [v case,foc [v case,foc] [V [V] [DP case_agr]]]]]]",0,2.2256810843210677e-50,-175.5437392650111,iMerge,"[.. [T case] [.. [T case] [DP2 [DP2 case_agr] [v foc [DP] [v case,foc [v case,foc] [V [V] [DP case_agr]]]]]]]",1,0,1,1,1,0,0,0,0,0,0.0,0,0,0.0,0.0,0.0,0.0,0.0,0.0,0.0,0.0
"phrasal_[.. [T case] [DP2 [DP2 case_agr] [v foc [DP] [v case,foc [v case,foc] [V [V] [DP case_agr]]]]]]",0,2.2256810843210677e-50,-175.5437392650111,iMerge,"[.. [DP2 [DP2 case_agr] [v foc [DP] [v case,foc [v case,foc] [V [V] [DP case_agr]]]]] [.. [T case] [DP2 [DP2 case_agr] [v foc [DP] [v case,foc [v case,foc] [V [V] [DP case_agr]]]]]]]",1,0,1,1,1,0,0,0,0,0,0.0,0,0,0.0,0.0,0.0,0.0,0.0,0.0,0.0,0.0
"phrasal_[.. [T case] [DP2 [DP2 case_agr] [v foc [DP] [v case,foc [v case,foc] [V [V] [DP case_agr]]]]]]",0,7.203126156379791e-43,-158.25119146796757,iMerge,"[.. [v foc [DP] [v case,foc [v case,foc] [V [V] [DP case_agr]]]] [.. [T case] [DP2 [DP2 case_agr] [v foc [DP] [v case,foc [v case,foc] [V [V] [DP case_agr]]]]]]]",1,0,1,1,0,0,0,0,0,0,0.0,0,0,0.0,0.0,0.0,0.0,0.0,0.0,0.0,0.0
"phrasal_[.. [T case] [DP2 [DP2 case_agr] [v foc [DP] [v case,foc [v case,foc] [V [V] [DP case_agr]]]]]]",0,2.2256810843210677e-50,-175.5437392650111,iMerge,"[.. [DP] [.. [T case] [DP2 [DP2 case_agr] [v foc [DP] [v case,foc [v case,foc] [V [V] [DP case_agr]]]]]]]",1,0,1,1,1,0,0,0,0,0,0.0,0,0,0.0,0.0,0.0,0.0,0.0,0.0,0.0,0.0
"phrasal_[.. [T case] [DP2 [DP2 case_agr] [v foc [DP] [v case,foc [v case,foc] [V [V] [DP case_agr]]]]]]",0,8.014877606038604e-64,-206.49869402568598,iMerge,"[.. [V [V] [DP case_agr]] [.. [T case] [DP2 [DP2 case_agr] [v foc [DP] [v case,foc [v case,foc] [V [V] [DP case_agr]]]]]]]",1,0,1,1,1,0,1,0,0,0,0.0,0,0,0.0,0.0,0.0,0.0,0.0,0.0,0.0,0.0
"phrasal_[.. [T case] [DP2 [DP2 case_agr] [v foc [DP] [v case,foc [v case,foc] [V [V] [DP case_agr]]]]]]",0,1.024402313521989e-24,-116.45248048749899,rMerge,"[.. [T case] [DP2 [DP2 case_agr] [v foc [DP] [v case,foc [v case,foc] [V [V] [DP case_agr]]]]]]",0,0,1,1,1,0,0,0,0,0,0.0,0,0,0.0,0.0,0.0,0.0,0.0,0.0,0.0,0.0
"phrasal_[T [T case] [DP2 [DP2 case_agr] [v foc [DP] [v case,foc [v case,foc] [V [V] [DP case_agr]]]]]]",1,0.9999414771301587,-79.29202463449373,xMerge,"[.. [C] [T [T case] [DP2 [DP2 case_agr] [v foc [DP] [v case,foc [v case,foc] [V [V] [DP case_agr]]]]]]]",0,0,1,0,2,0,0,0,0,0,0.0,0,0,0.0,0.0,0.0,0.0,0.0,0.0,0.0,0.0
"phrasal_[T [T case] [DP2 [DP2 case_agr] [v foc [DP] [v case,foc [v case,foc] [V [V] [DP case_agr]]]]]]",0,7.267644260291146e-17,-116.45248048749899,iMerge,"[.. [DP2 [DP2 case_agr] [v foc [DP] [v case,foc [v case,foc] [V [V] [DP case_agr]]]]] [T [T case] [DP2 [DP2 case_agr] [v foc [DP] [v case,foc [v case,foc] [V [V] [DP case_agr]]]]]]]",0,0,1,1,1,0,0,0,0,0,0.0,0,0,0.0,0.0,0.0,0.0,0.0,0.0,0.0,0.0
"phrasal_[T [T case] [DP2 [DP2 case_agr] [v foc [DP] [v case,foc [v case,foc] [V [V] [DP case_agr]]]]]]",0,2.35207814971103e-09,-99.15993269045543,iMerge,"[.. [v foc [DP] [v case,foc [v case,foc] [V [V] [DP case_agr]]]] [T [T case] [DP2 [DP2 case_agr] [v foc [DP] [v case,foc [v case,foc] [V [V] [DP case_agr]]]]]]]",0,0,1,1,0,0,0,0,0,0,0.0,0,0,0.0,0.0,0.0,0.0,0.0,0.0,0.0,0.0
"phrasal_[T [T case] [DP2 [DP2 case_agr] [v foc [DP] [v case,foc [v case,foc] [V [V] [DP case_agr]]]]]]",0,2.245616418001757e-24,-133.74502828454254,iMerge,"[.. [DP] [T [T case] [DP2 [DP2 case_agr] [v foc [DP] [v case,foc [v case,foc] [V [V] [DP case_agr]]]]]]]",0,0,1,1,2,0,0,0,0,0,0.0,0,0,0.0,0.0,0.0,0.0,0.0,0.0,0.0,0.0
"phrasal_[T [T case] [DP2 [DP2 case_agr] [v foc [DP] [v case,foc [v case,foc] [V [V] [DP case_agr]]]]]]",0,8.086666534206182e-38,-164.6999830452174,iMerge,"[.. [V [V] [DP case_agr]] [T [T case] [DP2 [DP2 case_agr] [v foc [DP] [v case,foc [v case,foc] [V [V] [DP case_agr]]]]]]]",0,0,1,1,2,0,1,0,0,0,0.0,0,0,0.0,0.0,0.0,0.0,0.0,0.0,0.0,0.0
"phrasal_[T [T case] [DP2 [DP2 case_agr] [v foc [DP] [v case,foc [v case,foc] [V [V] [DP case_agr]]]]]]",0,5.8520517763128564e-05,-89.0380992441359,rMerge,"[T [T case] [DP2 [DP2 case_agr] [v foc [DP] [v case,foc [v case,foc] [V [V] [DP case_agr]]]]]]",0,0,0,1,2,0,0,0,0,0,0.0,0,0,0.0,0.0,0.0,0.0,0.0,0.0,0.0,0.0
"phrasal_[.. [C] [T [T case] [DP2 [DP2 case_agr] [v foc [DP] [v case,foc [v case,foc] [V [V] [DP case_agr]]]]]]]",1,0.9999119082078423,-51.87764339113065,Label,"[C [C] [T [T case] [DP2 [DP2 case_agr] [v foc [DP] [v case,foc [v case,foc] [V [V] [DP case_agr]]]]]]]",0,0,0,0,3,0,0,0,0,0,0.0,0,1,0.0,0.0,0.0,0.0,0.0,0.0,0.0,0.0
"phrasal_[.. [C] [T [T case] [DP2 [DP2 case_agr] [v foc [DP] [v case,foc [v case,foc] [V [V] [DP case_agr]]]]]]]",0,8.809179215786882e-05,-61.21468648988437,Label,"[T [C] [T [T case] [DP2 [DP2 case_agr] [v foc [DP] [v case,foc [v case,foc] [V [V] [DP case_agr]]]]]]]",0,0,0,0,2,0,0,0,0,0,0.0,1,0,0.0,0.0,0.0,0.0,0.0,0.0,0.0,0.0
"phrasal_[.. [C] [T [T case] [DP2 [DP2 case_agr] [v foc [DP] [v case,foc [v case,foc] [V [V] [DP case_agr]]]]]]]",0,6.058995328945895e-62,-192.83628706205468,iMerge,"[.. [C] [.. [C] [T [T case] [DP2 [DP2 case_agr] [v foc [DP] [v case,foc [v case,foc] [V [V] [DP case_agr]]]]]]]]",1,0,1,1,2,0,0,0,0,0,0.0,0,0,0.0,0.0,0.0,0.0,0.0,0.0,0.0,0.0
"phrasal_[.. [C] [T [T case] [DP2 [DP2 case_agr] [v foc [DP] [v case,foc [v case,foc] [V [V] [DP case_agr]]]]]]]",0,6.058995328945895e-62,-192.83628706205468,iMerge,"[.. [T [T case] [DP2 [DP2 case_agr] [v foc [DP] [v case,foc [v case,foc] [V [V] [DP case_agr]]]]]] [.. [C] [T [T case] [DP2 [DP2 case_agr] [v foc [DP] [v case,foc [v case,foc] [V [V] [DP case_agr]]]]]]]]",1,0,1,1,2,0,0,0,0,0,0.0,0,0,0.0,0.0,0.0,0.0,0.0,0.0,0.0,0.0
"phrasal_[.. [C] [T [T case] [DP2 [DP2 case_agr] [v foc [DP] [v case,foc [v case,foc] [V [V] [DP case_agr]]]]]]]",0,1.9609147079860132e-54,-175.5437392650111,iMerge,"[.. [DP2 [DP2 case_agr] [v foc [DP] [v case,foc [v case,foc] [V [V] [DP case_agr]]]]] [.. [C] [T [T case] [DP2 [DP2 case_agr] [v foc [DP] [v case,foc [v case,foc] [V [V] [DP case_agr]]]]]]]]",1,0,1,1,1,0,0,0,0,0,0.0,0,0,0.0,0.0,0.0,0.0,0.0,0.0,0.0,0.0
"phrasal_[.. [C] [T [T case] [DP2 [DP2 case_agr] [v foc [DP] [v case,foc [v case,foc] [V [V] [DP case_agr]]]]]]]",0,6.346244357750187e-47,-158.25119146796757,iMerge,"[.. [v foc [DP] [v case,foc [v case,foc] [V [V] [DP case_agr]]]] [.. [C] [T [T case] [DP2 [DP2 case_agr] [v foc [DP] [v case,foc [v case,foc] [V [V] [DP case_agr]]]]]]]]",1,0,1,1,0,0,0,0,0,0,0.0,0,0,0.0,0.0,0.0,0.0,0.0,0.0,0.0,0.0
"phrasal_[.. [C] [T [T case] [DP2 [DP2 case_agr] [v foc [DP] [v case,foc [v case,foc] [V [V] [DP case_agr]]]]]]]",0,6.058995328945895e-62,-192.83628706205468,iMerge,"[.. [DP] [.. [C] [T [T case] [DP2 [DP2 case_agr] [v foc [DP] [v case,foc [v case,foc] [V [V] [DP case_agr]]]]]]]]",1,0,1,1,2,0,0,0,0,0,0.0,0,0,0.0,0.0,0.0,0.0,0.0,0.0,0.0,0.0
"phrasal_[.. [C] [T [T case] [DP2 [DP2 case_agr] [v foc [DP] [v case,foc [v case,foc] [V [V] [DP case_agr]]]]]]]",0,2.181898669991823e-75,-223.79124182272955,iMerge,"[.. [V [V] [DP case_agr]] [.. [C] [T [T case] [DP2 [DP2 case_agr] [v foc [DP] [v case,foc [v case,foc] [V [V] [DP case_agr]]]]]]]]",1,0,1,1,2,0,1,0,0,0,0.0,0,0,0.0,0.0,0.0,0.0,0.0,0.0,0.0,0.0
"phrasal_[.. [C] [T [T case] [DP2 [DP2 case_agr] [v foc [DP] [v case,foc [v case,foc] [V [V] [DP case_agr]]]]]]]",0,2.788741332401877e-36,-133.74502828454254,rMerge,"[.. [C] [T [T case] [DP2 [DP2 case_agr] [v foc [DP] [v case,foc [v case,foc] [V [V] [DP case_agr]]]]]]]",0,0,1,1,2,0,0,0,0,0,0.0,0,0,0.0,0.0,0.0,0.0,0.0,0.0,0.0,0.0
"phrasal_[C [C] [T [T case] [DP2 [DP2 case_agr] [v foc [DP] [v case,foc [v case,foc] [V [V] [DP case_agr]]]]]]]",0,9.540037201073541e-16,-133.74502828454254,iMerge,"[.. [T [T case] [DP2 [DP2 case_agr] [v foc [DP] [v case,foc [v case,foc] [V [V] [DP case_agr]]]]]] [C [C] [T [T case] [DP2 [DP2 case_agr] [v foc [DP] [v case,foc [v case,foc] [V [V] [DP case_agr]]]]]]]]",0,0,1,1,2,0,0,0,0,0,0.0,0,0,0.0,0.0,0.0,0.0,0.0,0.0,0.0,0.0
"phrasal_[C [C] [T [T case] [DP2 [DP2 case_agr] [v foc [DP] [v case,foc [v case,foc] [V [V] [DP case_agr]]]]]]]",0,3.087508447637823e-08,-116.45248048749899,iMerge,"[.. [DP2 [DP2 case_agr] [v foc [DP] [v case,foc [v case,foc] [V [V] [DP case_agr]]]]] [C [C] [T [T case] [DP2 [DP2 case_agr] [v foc [DP] [v case,foc [v case,foc] [V [V] [DP case_agr]]]]]]]]",0,0,1,1,1,0,0,0,0,0,0.0,0,0,0.0,0.0,0.0,0.0,0.0,0.0,0.0,0.0
"phrasal_[C [C] [T [T case] [DP2 [DP2 case_agr] [v foc [DP] [v case,foc [v case,foc] [V [V] [DP case_agr]]]]]]]",1,0.9992317863458857,-99.15993269045543,iMerge,"[.. [v foc [DP] [v case,foc [v case,foc] [V [V] [DP case_agr]]]] [C [C] [T [T case] [DP2 [DP2 case_agr] [v foc [DP] [v case,foc [v case,foc] [V [V] [DP case_agr]]]]]]]]",0,0,1,1,0,0,0,0,0,0,0.0,0,0,0.0,0.0,0.0,0.0,0.0,0.0,0.0,0.0
"phrasal_[C [C] [T [T case] [DP2 [DP2 case_agr] [v foc [DP] [v case,foc [v case,foc] [V [V] [DP case_agr]]]]]]]",0,2.9477590536634705e-23,-151.03757608158608,iMerge,"[.. [DP] [C [C] [T [T case] [DP2 [DP2 case_agr] [v foc [DP] [v case,foc [v case,foc] [V [V] [DP case_agr]]]]]]]]",0,0,1,1,3,0,0,0,0,0,0.0,0,0,0.0,0.0,0.0,0.0,0.0,0.0,0.0,0.0
"phrasal_[C [C] [T [T case] [DP2 [DP2 case_agr] [v foc [DP] [v case,foc [v case,foc] [V [V] [DP case_agr]]]]]]]",0,1.0615145266605822e-36,-181.99253084226095,iMerge,"[.. [V [V] [DP case_agr]] [C [C] [T [T case] [DP2 [DP2 case_agr] [v foc [DP] [v case,foc [v case,foc] [V [V] [DP case_agr]]]]]]]]",0,0,1,1,3,0,1,0,0,0,0.0,0,0,0.0,0.0,0.0,0.0,0.0,0.0,0.0,0.0
"phrasal_[C [C] [T [T case] [DP2 [DP2 case_agr] [v foc [DP] [v case,foc [v case,foc] [V [V] [DP case_agr]]]]]]]",0,0.0007681827790288323,-106.33064704117945,rMerge,"[C [C] [T [T case] [DP2 [DP2 case_agr] [v foc [DP] [v case,foc [v case,foc] [V [V] [DP case_agr]]]]]]]",0,0,0,1,3,0,0,0,0,0,0.0,0,0,0.0,0.0,0.0,0.0,0.0,0.0,0.0,0.0
"phrasal_[.. [v foc [DP] [v case,foc [v case,foc] [V [V] [DP case_agr]]]] [C [C] [T [T case] [DP2 [DP2 case_agr] [v foc [DP] [v case,foc [v case,foc] [V [V] [DP case_agr]]]]]]]]",0,0.0018175912593152606,-23.60097169032542,Label,"[v foc [v foc [DP] [v case,foc [v case,foc] [V [V] [DP case_agr]]]] [C [C] [T [T case] [DP2 [DP2 case_agr] [v foc [DP] [v case,foc [v case,foc] [V [V] [DP case_agr]]]]]]]]",0,0,0,0,0,0,0,0,0,1,0.0,0,0,0.0,0.0,0.0,0.0,0.0,0.0,0.0,0.0
"phrasal_[.. [v foc [DP] [v case,foc [v case,foc] [V [V] [DP case_agr]]]] [C [C] [T [T case] [DP2 [DP2 case_agr] [v foc [DP] [v case,foc [v case,foc] [V [V] [DP case_agr]]]]]]]]",1,0.9981824087406848,-17.29254779704355,Label,"[C [v foc [DP] [v case,foc [v case,foc] [V [V] [DP case_agr]]]] [C [C] [T [T case] [DP2 [DP2 case_agr] [v foc [DP] [v case,foc [v case,foc] [V [V] [DP case_agr]]]]]]]]",0,0,0,0,1,0,0,0,0,0,0.0,0,1,0.0,0.0,0.0,0.0,0.0,0.0,0.0,0.0
"phrasal_[.. [v foc [DP] [v case,foc [v case,foc] [V [V] [DP case_agr]]]] [C [C] [T [T case] [DP2 [DP2 case_agr] [v foc [DP] [v case,foc [v case,foc] [V [V] [DP case_agr]]]]]]]]",0,6.048515376555252e-62,-158.25119146796757,iMerge,"[.. [v foc [DP] [v case,foc [v case,foc] [V [V] [DP case_agr]]]] [.. [v foc [DP] [v case,foc [v case,foc] [V [V] [DP case_agr]]]] [C [C] [T [T case] [DP2 [DP2 case_agr] [v foc [DP] [v case,foc [v case,foc] [V [V] [DP case_agr]]]]]]]]]",1,0,1,1,0,0,0,0,0,0,0.0,0,0,0.0,0.0,0.0,0.0,0.0,0.0,0.0,0.0
"phrasal_[.. [v foc [DP] [v case,foc [v case,foc] [V [V] [DP case_agr]]]] [C [C] [T [T case] [DP2 [DP2 case_agr] [v foc [DP] [v case,foc [v case,foc] [V [V] [DP case_agr]]]]]]]]",0,6.048515376555252e-62,-158.25119146796757,iMerge,"[.. [DP] [.. [v foc [DP] [v case,foc [v case,foc] [V [V] [DP case_agr]]]] [C [C] [T [T case] [DP2 [DP2 case_agr] [v foc [DP] [v case,foc [v case,foc] [V [V] [DP case_agr]]]]]]]]]",1,0,1,1,0,0,0,0,0,0,0.0,0,0,0.0,0.0,0.0,0.0,0.0,0.0,0.0,0.0
"phrasal_[.. [v foc [DP] [v case,foc [v case,foc] [V [V] [DP case_agr]]]] [C [C] [T [T case] [DP2 [DP2 case_agr] [v foc [DP] [v case,foc [v case,foc] [V [V] [DP case_agr]]]]]]]]",0,2.178124744952884e-75,-189.20614622864244,iMerge,"[.. [V [V] [DP case_agr]] [.. [v foc [DP] [v case,foc [v case,foc] [V [V] [DP case_agr]]]] [C [C] [T [T case] [DP2 [DP2 case_agr] [v foc [DP] [v case,foc [v case,foc] [V [V] [DP case_agr]]]]]]]]]",1,0,1,1,0,0,1,0,0,0,0.0,0,0,0.0,0.0,0.0,0.0,0.0,0.0,0.0,0.0
"phrasal_[.. [v foc [DP] [v case,foc [v case,foc] [V [V] [DP case_agr]]]] [C [C] [T [T case] [DP2 [DP2 case_agr] [v foc [DP] [v case,foc [v case,foc] [V [V] [DP case_agr]]]]]]]]",0,1.7843273408730134e-84,-210.12883485909822,iMerge,"[.. [C [C] [T [T case] [DP2 [DP2 case_agr] [v foc [DP] [v case,foc [v case,foc] [V [V] [DP case_agr]]]]]]] [.. [v foc [DP] [v case,foc [v case,foc] [V [V] [DP case_agr]]]] [C [C] [T [T case] [DP2 [DP2 case_agr] [v foc [DP] [v case,foc [v case,foc] [V [V] [DP case_agr]]]]]]]]]",1,0,1,1,3,0,0,0,0,0,0.0,0,0,0.0,0.0,0.0,0.0,0.0,0.0,0.0,0.0
"phrasal_[.. [v foc [DP] [v case,foc [v case,foc] [V [V] [DP case_agr]]]] [C [C] [T [T case] [DP2 [DP2 case_agr] [v foc [DP] [v case,foc [v case,foc] [V [V] [DP case_agr]]]]]]]]",0,5.774742406325776e-77,-192.83628706205468,iMerge,"[.. [T [T case] [DP2 [DP2 case_agr] [v foc [DP] [v case,foc [v case,foc] [V [V] [DP case_agr]]]]]] [.. [v foc [DP] [v case,foc [v case,foc] [V [V] [DP case_agr]]]] [C [C] [T [T case] [DP2 [DP2 case_agr] [v foc [DP] [v case,foc [v case,foc] [V [V] [DP case_agr]]]]]]]]]",1,0,1,1,2,0,0,0,0,0,0.0,0,0,0.0,0.0,0.0,0.0,0.0,0.0,0.0,0.0
"phrasal_[.. [v foc [DP] [v case,foc [v case,foc] [V [V] [DP case_agr]]]] [C [C] [T [T case] [DP2 [DP2 case_agr] [v foc [DP] [v case,foc [v case,foc] [V [V] [DP case_agr]]]]]]]]",0,1.8689199619113742e-69,-175.5437392650111,iMerge,"[.. [DP2 [DP2 case_agr] [v foc [DP] [v case,foc [v case,foc] [V [V] [DP case_agr]]]]] [.. [v foc [DP] [v case,foc [v case,foc] [V [V] [DP case_agr]]]] [C [C] [T [T case] [DP2 [DP2 case_agr] [v foc [DP] [v case,foc [v case,foc] [V [V] [DP case_agr]]]]]]]]]",1,0,1,1,1,0,0,0,0,0,0.0,0,0,0.0,0.0,0.0,0.0,0.0,0.0,0.0,0.0
"phrasal_[.. [v foc [DP] [v case,foc [v case,foc] [V [V] [DP case_agr]]]] [C [C] [T [T case] [DP2 [DP2 case_agr] [v foc [DP] [v case,foc [v case,foc] [V [V] [DP case_agr]]]]]]]]",0,2.783917780838176e-36,-99.15993269045543,rMerge,"[.. [v foc [DP] [v case,foc [v case,foc] [V [V] [DP case_agr]]]] [C [C] [T [T case] [DP2 [DP2 case_agr] [v foc [DP] [v case,foc [v case,foc] [V [V] [DP case_agr]]]]]]]]",0,0,1,1,0,0,0,0,0,0,0.0,0,0,0.0,0.0,0.0,0.0,0.0,0.0,0.0,0.0
"phrasal_[C [v foc [DP] [v case,foc [v case,foc] [V [V] [DP case_agr]]]] [C [C] [T [T case] [DP2 [DP2 case_agr] [v foc [DP] [v case,foc [v case,foc] [V [V] [DP case_agr]]]]]]]]",0,1.2418967804931438e-12,-99.15993269045543,iMerge,"[.. [v foc [DP] [v case,foc [v case,foc] [V [V] [DP case_agr]]]] [C [v foc [DP] [v case,foc [v case,foc] [V [V] [DP case_agr]]]] [C [C] [T [T case] [DP2 [DP2 case_agr] [v foc [DP] [v case,foc [v case,foc] [V [V] [DP case_agr]]]]]]]]]",0,0,1,1,0,0,0,0,0,0,0.0,0,0,0.0,0.0,0.0,0.0,0.0,0.0,0.0,0.0
"phrasal_[C [v foc [DP] [v case,foc [v case,foc] [V [V] [DP case_agr]]]] [C [C] [T [T case] [DP2 [DP2 case_agr] [v foc [DP] [v case,foc [v case,foc] [V [V] [DP case_agr]]]]]]]]",0,3.837314678397875e-20,-116.45248048749899,iMerge,"[.. [DP] [C [v foc [DP] [v case,foc [v case,foc] [V [V] [DP case_agr]]]] [C [C] [T [T case] [DP2 [DP2 case_agr] [v foc [DP] [v case,foc [v case,foc] [V [V] [DP case_agr]]]]]]]]]",0,0,1,1,1,0,0,0,0,0,0.0,0,0,0.0,0.0,0.0,0.0,0.0,0.0,0.0,0.0
"phrasal_[C [v foc [DP] [v case,foc [v case,foc] [V [V] [DP case_agr]]]] [C [C] [T [T case] [DP2 [DP2 case_agr] [v foc [DP] [v case,foc [v case,foc] [V [V] [DP case_agr]]]]]]]]",0,1.381851501541454e-33,-147.40743524817384,iMerge,"[.. [V [V] [DP case_agr]] [C [v foc [DP] [v case,foc [v case,foc] [V [V] [DP case_agr]]]] [C [C] [T [T case] [DP2 [DP2 case_agr] [v foc [DP] [v case,foc [v case,foc] [V [V] [DP case_agr]]]]]]]]]",0,0,1,1,1,0,1,0,0,0,0.0,0,0,0.0,0.0,0.0,0.0,0.0,0.0,0.0,0.0
"phrasal_[C [v foc [DP] [v case,foc [v case,foc] [V [V] [DP case_agr]]]] [C [C] [T [T case] [DP2 [DP2 case_agr] [v foc [DP] [v case,foc [v case,foc] [V [V] [DP case_agr]]]]]]]]",0,1.1856850079924238e-27,-133.74502828454254,iMerge,"[.. [T [T case] [DP2 [DP2 case_agr] [v foc [DP] [v case,foc [v case,foc] [V [V] [DP case_agr]]]]]] [C [v foc [DP] [v case,foc [v case,foc] [V [V] [DP case_agr]]]] [C [C] [T [T case] [DP2 [DP2 case_agr] [v foc [DP] [v case,foc [v case,foc] [V [V] [DP case_agr]]]]]]]]]",0,0,1,1,2,0,0,0,0,0,0.0,0,0,0.0,0.0,0.0,0.0,0.0,0.0,0.0,0.0
"phrasal_[C [v foc [DP] [v case,foc [v case,foc] [V [V] [DP case_agr]]]] [C [C] [T [T case] [DP2 [DP2 case_agr] [v foc [DP] [v case,foc [v case,foc] [V [V] [DP case_agr]]]]]]]]",0,3.837314678397875e-20,-116.45248048749899,iMerge,"[.. [DP2 [DP2 case_agr] [v foc [DP] [v case,foc [v case,foc] [V [V] [DP case_agr]]]]] [C [v foc [DP] [v case,foc [v case,foc] [V [V] [DP case_agr]]]] [C [C] [T [T case] [DP2 [DP2 case_agr] [v foc [DP] [v case,foc [v case,foc] [V [V] [DP case_agr]]]]]]]]]",0,0,1,1,1,0,0,0,0,0,0.0,0,0,0.0,0.0,0.0,0.0,0.0,0.0,0.0,0.0
"phrasal_[C [v foc [DP] [v case,foc [v case,foc] [V [V] [DP case_agr]]]] [C [C] [T [T case] [DP2 [DP2 case_agr] [v foc [DP] [v case,foc [v case,foc] [V [V] [DP case_agr]]]]]]]]",1,0.9999999999987581,-71.74555144709235,rMerge,"[C [v foc [DP] [v case,foc [v case,foc] [V [V] [DP case_agr]]]] [C [C] [T [T case] [DP2 [DP2 case_agr] [v foc [DP] [v case,foc [v case,foc] [V [V] [DP case_agr]]]]]]]]",0,0,0,1,1,0,0,0,0,0,0.0,0,0,0.0,0.0,0.0,0.0,0.0,0.0,0.0,0.0
unaccusative_[DP case_agr],0,3.3867364051284326e-06,-57.302510944062774,mtAgree,[DP],0,0,0,0,0,1,0,0,0,0,0.0,0,0,0.0,0.0,0.0,0.0,0.0,0.0,0.0,0.0
unaccusative_[DP case_agr],1,0.9999380929438877,-44.70692904040663,xMerge,[.. [V] [DP case_agr]],0,0,1,0,0,0,0,0,0,0,0.0,0,0,0.0,0.0,0.0,0.0,0.0,0.0,0.0,0.0
unaccusative_[DP case_agr],0,2.1725285755218803e-26,-103.79818781791877,xMerge,[.. [v] [DP case_agr]],1,0,1,0,0,0,0,0,0,0,0.0,0,0,0.0,0.0,0.0,0.0,0.0,0.0,0.0,0.0
unaccusative_[DP case_agr],0,2.1725285755218803e-26,-103.79818781791877,xMerge,[.. [T case] [DP case_agr]],1,0,1,0,0,0,0,0,0,0,0.0,0,0,0.0,0.0,0.0,0.0,0.0,0.0,0.0,0.0
unaccusative_[DP case_agr],0,2.1725285755218803e-26,-103.79818781791877,xMerge,[.. [C] [DP case_agr]],1,0,1,0,0,0,0,0,0,0,0.0,0,0,0.0,0.0,0.0,0.0,0.0,0.0,0.0,0.0
unaccusative_[DP case_agr],0,5.852031970720499e-05,-54.45300365004881,rMerge,[DP case_agr],0,0,0,1,0,0,0,0,0,0,0.0,0,0,0.0,0.0,0.0,0.0,0.0,0.0,0.0,0.0
unaccusative_[.. [V] [DP case_agr]],1,0.9991958003379898,-91.65615492614296,Label,[V [V] [DP case_agr]],0,0,0,0,0,0,1,0,1,0,0.0,0,0,0.0,0.0,0.0,0.0,0.0,0.0,0.0,0.0
unaccusative_[.. [V] [DP case_agr]],0,0.00023766472473758457,-100.0,Label,[DP case_agr [V] [DP case_agr]],0,0,0,0,0,0,0,1,0,0,0.0,0,0,0.0,0.0,0.0,0.0,0.0,0.0,0.0,0.0
unaccusative_[.. [V] [DP case_agr]],0,5.326386977744542e-06,-103.79818781791877,xMerge,[.. [v] [.. [V] [DP case_agr]]],1,0,1,0,0,0,0,0,0,0,0.0,0,0,0.0,0.0,0.0,0.0,0.0,0.0,0.0,0.0
unaccusative_[.. [V] [DP case_agr]],0,5.326386977744542e-06,-103.79818781791877,xMerge,[.. [T case] [.. [V] [DP case_agr]]],1,0,1,0,0,0,0,0,0,0,0.0,0,0,0.0,0.0,0.0,0.0,0.0,0.0,0.0,0.0
unaccusative_[.. [V] [DP case_agr]],0,5.326386977744542e-06,-103.79818781791877,xMerge,[.. [C] [.. [V] [DP case_agr]]],1,0,1,0,0,0,0,0,0,0,0.0,0,0,0.0,0.0,0.0,0.0,0.0,0.0,0.0,0.0
unaccusative_[.. [V] [DP case_agr]],0,1.1961722080158447e-29,-158.25119146796757,iMerge,[.. [V] [.. [V] [DP case_agr]]],1,0,1,1,0,0,0,0,0,0,0.0,0,0,0.0,0.0,0.0,0.0,0.0,0.0,0.0,0.0
unaccusative_[.. [V] [DP case_agr]],0,1.1961722080158447e-29,-158.25119146796757,iMerge,[.. [DP case_agr] [.. [V] [DP case_agr]]],1,0,1,1,0,0,0,0,0,0,0.0,0,0,0.0,0.0,0.0,0.0,0.0,0.0,0.0,0.0
unaccusative_[.. [V] [DP case_agr]],0,0.0005505557763393333,-99.15993269045543,rMerge,[.. [V] [DP case_agr]],0,0,1,1,0,0,0,0,0,0,0.0,0,0,0.0,0.0,0.0,0.0,0.0,0.0,0.0,0.0
unaccusative_[V [V] [DP case_agr]],1,0.9999414794197435,-75.6618838010815,xMerge,[.. [v] [V [V] [DP case_agr]]],0,0,1,0,0,0,1,0,0,0,0.0,0,0,0.0,0.0,0.0,0.0,0.0,0.0,0.0,0.0
unaccusative_[V [V] [DP case_agr]],0,2.1725359331929544e-26,-134.75314257859364,xMerge,[.. [T case] [V [V] [DP case_agr]]],1,0,1,0,0,0,1,0,0,0,0.0,0,0,0.0,0.0,0.0,0.0,0.0,0.0,0.0,0.0
unaccusative_[V [V] [DP case_agr]],0,2.1725359331929544e-26,-134.75314257859364,xMerge,[.. [C] [V [V] [DP case_agr]]],1,0,1,0,0,0,1,0,0,0,0.0,0,0,0.0,0.0,0.0,0.0,0.0,0.0,0.0,0.0
unaccusative_[V [V] [DP case_agr]],0,6.23593552054476e-11,-99.15993269045543,iMerge,[.. [DP case_agr] [V [V] [DP case_agr]]],0,0,1,1,0,0,0,0,0,0,0.0,0,0,0.0,0.0,0.0,0.0,0.0,0.0,0.0,0.0
unaccusative_[V [V] [DP case_agr]],0,5.8520517897124934e-05,-85.40795841072367,rMerge,[V [V] [DP case_agr]],0,0,0,1,0,0,1,0,0,0,0.0,0,0,0.0,0.0,0.0,0.0,0.0,0.0,0.0,0.0
unaccusative_[.. [v] [V [V] [DP case_agr]]],1,0.9978609960652141,-85.51088121167516,Label,[v [v] [V [V] [DP case_agr]]],0,0,0,0,0,0,2,0,0,1,0.0,0,0,0.0,0.0,0.0,0.0,0.0,0.0,0.0,0.0
unaccusative_[.. [v] [V [V] [DP case_agr]]],0,0.0021390039347858746,-91.65615492614296,Label,[V [v] [V [V] [DP case_agr]]],0,0,0,0,0,0,1,0,1,0,0.0,0,0,0.0,0.0,0.0,0.0,0.0,0.0,0.0,0.0
unaccusative_[.. [v] [V [V] [DP case_agr]]],0,4.1060823896981986e-22,-134.75314257859364,xMerge,[.. [T case] [.. [v] [V [V] [DP case_agr]]]],1,0,1,0,0,0,1,0,0,0,0.0,0,0,0.0,0.0,0.0,0.0,0.0,0.0,0.0,0.0
unaccusative_[.. [v] [V [V] [DP case_agr]]],0,4.1060823896981986e-22,-134.75314257859364,xMerge,[.. [C] [.. [v] [V [V] [DP case_agr]]]],1,0,1,0,0,0,1,0,0,0,0.0,0,0,0.0,0.0,0.0,0.0,0.0,0.0,0.0,0.0
unaccusative_[.. [v] [V [V] [DP case_agr]]],0,9.221225680564575e-46,-189.20614622864244,iMerge,[.. [v] [.. [v] [V [V] [DP case_agr]]]],1,0,1,1,0,0,1,0,0,0,0.0,0,0,0.0,0.0,0.0,0.0,0.0,0.0,0.0,0.0
unaccusative_[.. [v] [V [V] [DP case_agr]]],0,9.221225680564575e-46,-189.20614622864244,iMerge,[.. [V [V] [DP case_agr]] [.. [v] [V [V] [DP case_agr]]]],1,0,1,1,0,0,1,0,0,0,0.0,0,0,0.0,0.0,0.0,0.0,0.0,0.0,0.0,0.0
unaccusative_[.. [v] [V [V] [DP case_agr]]],0,2.560676354686356e-32,-158.25119146796757,iMerge,[.. [DP case_agr] [.. [v] [V [V] [DP case_agr]]]],1,0,1,1,0,0,0,0,0,0,0.0,0,0,0.0,0.0,0.0,0.0,0.0,0.0,0.0,0.0
unaccusative_[.. [v] [V [V] [DP case_agr]]],0,4.2442041616938975e-20,-130.1148874511303,rMerge,[.. [v] [V [V] [DP case_agr]]],0,0,1,1,0,0,1,0,0,0,0.0,0,0,0.0,0.0,0.0,0.0,0.0,0.0,0.0,0.0
unaccusative_[v [v] [V [V] [DP case_agr]]],0,0.0005771068200592174,-106.61683856175637,xMerge,[.. [T case] [v [v] [V [V] [DP case_agr]]]],0,0,1,0,0,0,2,0,0,0,0.0,0,0,0.0,0.0,0.0,0.0,0.0,0.0,0.0,0.0
unaccusative_[v [v] [V [V] [DP case_agr]]],0,1.2538586804069072e-29,-165.7080973392685,xMerge,[.. [C] [v [v] [V [V] [DP case_agr]]]],1,0,1,0,0,0,2,0,0,0,0.0,0,0,0.0,0.0,0.0,0.0,0.0,0.0,0.0,0.0
unaccusative_[v [v] [V [V] [DP case_agr]]],0,3.599011534599261e-14,-130.1148874511303,iMerge,[.. [V [V] [DP case_agr]] [v [v] [V [V] [DP case_agr]]]],0,0,1,1,0,0,1,0,0,0,0.0,0,0,0.0,0.0,0.0,0.0,0.0,0.0,0.0,0.0
unaccusative_[v [v] [V [V] [DP case_agr]]],1,0.9994228594053383,-99.15993269045543,iMerge,[.. [DP case_agr] [v [v] [V [V] [DP case_agr]]]],0,0,1,1,0,0,0,0,0,0,0.0,0,0,0.0,0.0,0.0,0.0,0.0,0.0,0.0,0.0
unaccusative_[v [v] [V [V] [DP case_agr]]],0,3.377456649905772e-08,-116.36291317139853,rMerge,[v [v] [V [V] [DP case_agr]]],0,0,0,1,0,0,2,0,0,0,0.0,0,0,0.0,0.0,0.0,0.0,0.0,0.0,0.0,0.0
unaccusative_[.. [DP case_agr] [v [v] [V [V] [DP case_agr]]]],0,1.836071639699446e-20,-100.0,Label,[DP case_agr [DP case_agr] [v [v] [V [V] [DP case_agr]]]],0,0,0,0,0,0,0,1,0,0,0.0,0,0,0.0,0.0,0.0,0.0,0.0,0.0,0.0,0.0
unaccusative_[.. [DP case_agr] [v [v] [V [V] [DP case_agr]]]],1,1.0,-54.55592645100029,Label,[v [DP case_agr] [v [v] [V [V] [DP case_agr]]]],0,0,0,0,0,0,1,0,0,1,0.0,0,0,0.0,0.0,0.0,0.0,0.0,0.0,0.0,0.0
unaccusative_[.. [DP case_agr] [v [v] [V [V] [DP case_agr]]]],0,4.1148841430714165e-22,-103.79818781791877,xMerge,[.. [T case] [.. [DP case_agr] [v [v] [V [V] [DP case_agr]]]]],1,0,1,0,0,0,0,0,0,0,0.0,0,0,0.0,0.0,0.0,0.0,0.0,0.0,0.0,0.0
unaccusative_[.. [DP case_agr] [v [v] [V [V] [DP case_agr]]]],0,4.1148841430714165e-22,-103.79818781791877,xMerge,[.. [C] [.. [DP case_agr] [v [v] [V [V] [DP case_agr]]]]],1,0,1,0,0,0,0,0,0,0,0.0,0,0,0.0,0.0,0.0,0.0,0.0,0.0,0.0,0.0
unaccusative_[.. [DP case_agr] [v [v] [V [V] [DP case_agr]]]],0,9.240992199240076e-46,-158.25119146796757,iMerge,[.. [DP case_agr] [.. [DP case_agr] [v [v] [V [V] [DP case_agr]]]]],1,0,1,1,0,0,0,0,0,0,0.0,0,0,0.0,0.0,0.0,0.0,0.0,0.0,0.0,0.0
unaccusative_[.. [DP case_agr] [v [v] [V [V] [DP case_agr]]]],0,1.1983578451920233e-72,-220.1611009893173,iMerge,[.. [v [v] [V [V] [DP case_agr]]] [.. [DP case_agr] [v [v] [V [V] [DP case_agr]]]]],1,0,1,1,0,0,2,0,0,0,0.0,0,0,0.0,0.0,0.0,0.0,0.0,0.0,0.0,0.0
unaccusative_[.. [DP case_agr] [v [v] [V [V] [DP case_agr]]]],0,3.3277643395104817e-59,-189.20614622864244,iMerge,[.. [V [V] [DP case_agr]] [.. [DP case_agr] [v [v] [V [V] [DP case_agr]]]]],1,0,1,1,0,0,1,0,0,0,0.0,0,0,0.0,0.0,0.0,0.0,0.0,0.0,0.0,0.0
unaccusative_[.. [DP case_agr] [v [v] [V [V] [DP case_agr]]]],0,4.2533019913893124e-20,-99.15993269045543,rMerge,[.. [DP case_agr] [v [v] [V [V] [DP case_agr]]]],0,0,1,1,0,0,0,0,0,0,0.0,0,0,0.0,0.0,0.0,0.0,0.0,0.0,0.0,0.0
unaccusative_[v [DP case_agr] [v [v] [V [V] [DP case_agr]]]],1,0.9999414794197435,-75.6618838010815,xMerge,[.. [T case] [v [DP case_agr] [v [v] [V [V] [DP case_agr]]]]],0,0,1,0,0,0,1,0,0,0,0.0,0,0,0.0,0.0,0.0,0.0,0.0,0.0,0.0,0.0
unaccusative_[v [DP case_agr] [v [v] [V [V] [DP case_agr]]]],0,2.1725359331929544e-26,-134.75314257859364,xMerge,[.. [C] [v [DP case_agr] [v [v] [V [V] [DP case_agr]]]]],1,0,1,0,0,0,1,0,0,0,0.0,0,0,0.0,0.0,0.0,0.0,0.0,0.0,0.0,0.0
unaccusative_[v [DP case_agr] [v [v] [V [V] [DP case_agr]]]],0,6.23593552054476e-11,-99.15993269045543,iMerge,[.. [DP case_agr] [v [DP case_agr] [v [v] [V [V] [DP case_agr]]]]],0,0,1,1,0,0,0,0,0,0,0.0,0,0,0.0,0.0,0.0,0.0,0.0,0.0,0.0,0.0
unaccusative_[v [DP case_agr] [v [v] [V [V] [DP case_agr]]]],0,2.2456164231436194e-24,-130.1148874511303,iMerge,[.. [V [V] [DP case_agr]] [v [DP case_agr] [v [v] [V [V] [DP case_agr]]]]],0,0,1,1,0,0,1,0,0,0,0.0,0,0,0.0,0.0,0.0,0.0,0.0,0.0,0.0,0.0
unaccusative_[v [DP case_agr] [v [v] [V [V] [DP case_agr]]]],0,5.8520517897124934e-05,-85.40795841072367,rMerge,[v [DP case_agr] [v [v] [V [V] [DP case_agr]]]],0,0,0,1,0,0,1,0,0,0,0.0,0,0,0.0,0.0,0.0,0.0,0.0,0.0,0.0,0.0
unaccusative_[.. [T case] [v [DP case_agr] [v [v] [V [V] [DP case_agr]]]]],1,0.9999978672615853,-88.539500417147,Label,[T case [T case] [v [DP case_agr] [v [v] [V [V] [DP case_agr]]]]],0,0,0,0,0,0,2,0,0,0,0.0,1,0,0.0,0.0,0.0,0.0,0.0,0.0,0.0,0.0
unaccusative_[.. [T case] [v [DP case_agr] [v [v] [V [V] [DP case_agr]]]]],0,2.132738414580506e-06,-101.59760204772941,Label,[v [T case] [v [DP case_agr] [v [v] [V [V] [DP case_agr]]]]],0,1,0,0,0,0,1,0,0,1,0.0,0,0,0.0,0.0,0.0,0.0,0.0,0.0,0.0,0.0
unaccusative_[.. [T case] [v [DP case_agr] [v [v] [V [V] [DP case_agr]]]]],0,8.5049016218715e-21,-134.75314257859364,xMerge,[.. [C] [.. [T case] [v [DP case_agr] [v [v] [V [V] [DP case_agr]]]]]],1,0,1,0,0,0,1,0,0,0,0.0,0,0,0.0,0.0,0.0,0.0,0.0,0.0,0.0,0.0
unaccusative_[.. [T case] [v [DP case_agr] [v [v] [V [V] [DP case_agr]]]]],0,1.9099864494448477e-44,-189.20614622864244,iMerge,[.. [T case] [.. [T case] [v [DP case_agr] [v [v] [V [V] [DP case_agr]]]]]],1,0,1,1,0,0,1,0,0,0,0.0,0,0,0.0,0.0,0.0,0.0,0.0,0.0,0.0,0.0
unaccusative_[.. [T case] [v [DP case_agr] [v [v] [V [V] [DP case_agr]]]]],0,1.9099864494448477e-44,-189.20614622864244,iMerge,[.. [v [DP case_agr] [v [v] [V [V] [DP case_agr]]]] [.. [T case] [v [DP case_agr] [v [v] [V [V] [DP case_agr]]]]]],1,0,1,1,0,0,1,0,0,0,0.0,0,0,0.0,0.0,0.0,0.0,0.0,0.0,0.0,0.0
unaccusative_[.. [T case] [v [DP case_agr] [v [v] [V [V] [DP case_agr]]]]],0,5.303912200276311e-31,-158.25119146796757,iMerge,[.. [DP case_agr] [.. [T case] [v [DP case_agr] [v [v] [V [V] [DP case_agr]]]]]],1,0,1,1,0,0,0,0,0,0,0.0,0,0,0.0,0.0,0.0,0.0,0.0,0.0,0.0,0.0
unaccusative_[.. [T case] [v [DP case_agr] [v [v] [V [V] [DP case_agr]]]]],0,1.9099864494448477e-44,-189.20614622864244,iMerge,[.. [V [V] [DP case_agr]] [.. [T case] [v [DP case_agr] [v [v] [V [V] [DP case_agr]]]]]],1,0,1,1,0,0,1,0,0,0,0.0,0,0,0.0,0.0,0.0,0.0,0.0,0.0,0.0,0.0
unaccusative_[.. [T case] [v [DP case_agr] [v [v] [V [V] [DP case_agr]]]]],0,8.790992345625421e-19,-130.1148874511303,rMerge,[.. [T case] [v [DP case_agr] [v [v] [V [V] [DP case_agr]]]]],0,0,1,1,0,0,1,0,0,0,0.0,0,0,0.0,0.0,0.0,0.0,0.0,0.0,0.0,0.0
unaccusative_[T case [T case] [v [DP case_agr] [v [v] [V [V] [DP case_agr]]]]],0,0.0005771068200591966,-106.61683856175637,xMerge,[.. [C] [T case [T case] [v [DP case_agr] [v [v] [V [V] [DP case_agr]]]]]],0,0,1,0,0,0,2,0,0,0,0.0,0,0,0.0,0.0,0.0,0.0,0.0,0.0,0.0,0.0
unaccusative_[T case [T case] [v [DP case_agr] [v [v] [V [V] [DP case_agr]]]]],0,3.599011534599132e-14,-130.1148874511303,iMerge,[.. [v [DP case_agr] [v [v] [V [V] [DP case_agr]]]] [T case [T case] [v [DP case_agr] [v [v] [V [V] [DP case_agr]]]]]],0,0,1,1,0,0,1,0,0,0,0.0,0,0,0.0,0.0,0.0,0.0,0.0,0.0,0.0,0.0
unaccusative_[T case [T case] [v [DP case_agr] [v [v] [V [V] [DP case_agr]]]]],1,0.9994228594053023,-99.15993269045543,iMerge,[.. [DP case_agr] [T case [T case] [v [DP case_agr] [v [v] [V [V] [DP case_agr]]]]]],0,0,1,1,0,0,0,0,0,0,0.0,0,0,0.0,0.0,0.0,0.0,0.0,0.0,0.0,0.0
unaccusative_[T case [T case] [v [DP case_agr] [v [v] [V [V] [DP case_agr]]]]],0,3.599011534599132e-14,-130.1148874511303,iMerge,[.. [V [V] [DP case_agr]] [T case [T case] [v [DP case_agr] [v [v] [V [V] [DP case_agr]]]]]],0,0,1,1,0,0,1,0,0,0,0.0,0,0,0.0,0.0,0.0,0.0,0.0,0.0,0.0,0.0
unaccusative_[T case [T case] [v [DP case_agr] [v [v] [V [V] [DP case_agr]]]]],0,3.3774566499056503e-08,-116.36291317139853,rMerge,[T case [T case] [v [DP case_agr] [v [v] [V [V] [DP case_agr]]]]],0,0,0,1,0,0,2,0,0,0,0.0,0,0,0.0,0.0,0.0,0.0,0.0,0.0,0.0,0.0
unaccusative_[.. [DP case_agr] [T case [T case] [v [DP case_agr] [v [v] [V [V] [DP case_agr]]]]]],1,1.0,0.0,Agree,[.. [DP] [T case [T case] [v [DP case_agr] [v [v] [V [V] [DP case_agr]]]]]],0,0,0,0,0,0,0,0,0,0,0.0,0,0,0.0,0.0,0.0,0.0,0.0,0.0,0.0,0.0
unaccusative_[.. [DP case_agr] [T case [T case] [v [DP case_agr] [v [v] [V [V] [DP case_agr]]]]]],0,1.3823298253817122e-64,-147.04167559672914,Label,[DP case_agr [DP case_agr] [T case [T case] [v [DP case_agr] [v [v] [V [V] [DP case_agr]]]]]],0,1,0,0,0,0,0,1,0,0,0.0,0,0,0.0,0.0,0.0,0.0,0.0,0.0,0.0,0.0
unaccusative_[.. [DP case_agr] [T case [T case] [v [DP case_agr] [v [v] [V [V] [DP case_agr]]]]]],0,9.802787278124231e-26,-57.58454565647214,Label,[T case [DP case_agr] [T case [T case] [v [DP case_agr] [v [v] [V [V] [DP case_agr]]]]]],0,0,0,0,0,0,1,0,0,0,0.0,1,0,0.0,0.0,0.0,0.0,0.0,0.0,0.0,0.0
unaccusative_[.. [DP case_agr] [T case [T case] [v [DP case_agr] [v [v] [V [V] [DP case_agr]]]]]],0,8.337191923107552e-46,-103.79818781791877,xMerge,[.. [C] [.. [DP case_agr] [T case [T case] [v [DP case_agr] [v [v] [V [V] [DP case_agr]]]]]]],1,0,1,0,0,0,0,0,0,0,0.0,0,0,0.0,0.0,0.0,0.0,0.0,0.0,0.0,0.0
unaccusative_[.. [DP case_agr] [T case [T case] [v [DP case_agr] [v [v] [V [V] [DP case_agr]]]]]],0,1.872323079976133e-69,-158.25119146796757,iMerge,[.. [DP case_agr] [.. [DP case_agr] [T case [T case] [v [DP case_agr] [v [v] [V [V] [DP case_agr]]]]]]],1,0,1,1,0,0,0,0,0,0,0.0,0,0,0.0,0.0,0.0,0.0,0.0,0.0,0.0,0.0
unaccusative_[.. [DP case_agr] [T case [T case] [v [DP case_agr] [v [v] [V [V] [DP case_agr]]]]]],0,2.428000157610782e-96,-220.1611009893173,iMerge,[.. [T case [T case] [v [DP case_agr] [v [v] [V [V] [DP case_agr]]]]] [.. [DP case_agr] [T case [T case] [v [DP case_agr] [v [v] [V [V] [DP case_agr]]]]]]],1,0,1,1,0,0,2,0,0,0,0.0,0,0,0.0,0.0,0.0,0.0,0.0,0.0,0.0,0.0
unaccusative_[.. [DP case_agr] [T case [T case] [v [DP case_agr] [v [v] [V [V] [DP case_agr]]]]]],0,6.742403676197648e-83,-189.20614622864244,iMerge,[.. [v [DP case_agr] [v [v] [V [V] [DP case_agr]]]] [.. [DP case_agr] [T case [T case] [v [DP case_agr] [v [v] [V [V] [DP case_agr]]]]]]],1,0,1,1,0,0,1,0,0,0,0.0,0,0,0.0,0.0,0.0,0.0,0.0,0.0,0.0,0.0
unaccusative_[.. [DP case_agr] [T case [T case] [v [DP case_agr] [v [v] [V [V] [DP case_agr]]]]]],0,6.742403676197648e-83,-189.20614622864244,iMerge,[.. [V [V] [DP case_agr]] [.. [DP case_agr] [T case [T case] [v [DP case_agr] [v [v] [V [V] [DP case_agr]]]]]]],1,0,1,1,0,0,1,0,0,0,0.0,0,0,0.0,0.0,0.0,0.0,0.0,0.0,0.0,0.0
unaccusative_[.. [DP case_agr] [T case [T case] [v [DP case_agr] [v [v] [V [V] [DP case_agr]]]]]],0,8.61764117195287e-44,-99.15993269045543,rMerge,[.. [DP case_agr] [T case [T case] [v [DP case_agr] [v [v] [V [V] [DP case_agr]]]]]],0,0,1,1,0,0,0,0,0,0,0.0,0,0,0.0,0.0,0.0,0.0,0.0,0.0,0.0,0.0
unaccusative_[.. [DP] [T case [T case] [v [DP case_agr] [v [v] [V [V] [DP case_agr]]]]]],0,5.0780393265713e-53,-147.04167559672914,Label,[DP [DP] [T case [T case] [v [DP case_agr] [v [v] [V [V] [DP case_agr]]]]]],0,1,0,0,0,0,0,1,0,0,0.0,0,0,0.0,0.0,0.0,0.0,0.0,0.0,0.0,0.0
unaccusative_[.. [DP] [T case [T case] [v [DP case_agr] [v [v] [V [V] [DP case_agr]]]]]],1,1.0,-26.62959089579727,Label,[T [DP] [T case [T case] [v [DP case_agr] [v [v] [V [V] [DP case_agr]]]]]],0,0,0,0,0,0,0,0,0,0,0.0,1,0,0.0,0.0,0.0,0.0,0.0,0.0,0.0,0.0
unaccusative_[.. [DP] [T case [T case] [v [DP case_agr] [v [v] [V [V] [DP case_agr]]]]]],0,3.062698039306362e-34,-103.79818781791877,xMerge,[.. [C] [.. [DP] [T case [T case] [v [DP case_agr] [v [v] [V [V] [DP case_agr]]]]]]],1,0,1,0,0,0,0,0,0,0,0.0,0,0,0.0,0.0,0.0,0.0,0.0,0.0,0.0,0.0
unaccusative_[.. [DP] [T case [T case] [v [DP case_agr] [v [v] [V [V] [DP case_agr]]]]]],0,6.878047523528237e-58,-158.25119146796757,iMerge,[.. [DP] [.. [DP] [T case [T case] [v [DP case_agr] [v [v] [V [V] [DP case_agr]]]]]]],1,0,1,1,0,0,0,0,0,0,0.0,0,0,0.0,0.0,0.0,0.0,0.0,0.0,0.0,0.0
unaccusative_[.. [DP] [T case [T case] [v [DP case_agr] [v [v] [V [V] [DP case_agr]]]]]],0,8.919347654141979e-85,-220.1611009893173,iMerge,[.. [T case [T case] [v [DP case_agr] [v [v] [V [V] [DP case_agr]]]]] [.. [DP] [T case [T case] [v [DP case_agr] [v [v] [V [V] [DP case_agr]]]]]]],1,0,1,1,0,0,2,0,0,0,0.0,0,0,0.0,0.0,0.0,0.0,0.0,0.0,0.0,0.0
unaccusative_[.. [DP] [T case [T case] [v [DP case_agr] [v [v] [V [V] [DP case_agr]]]]]],0,2.4768467260623666e-71,-189.20614622864244,iMerge,[.. [v [DP case_agr] [v [v] [V [V] [DP case_agr]]]] [.. [DP] [T case [T case] [v [DP case_agr] [v [v] [V [V] [DP case_agr]]]]]]],1,0,1,1,0,0,1,0,0,0,0.0,0,0,0.0,0.0,0.0,0.0,0.0,0.0,0.0,0.0
unaccusative_[.. [DP] [T case [T case] [v [DP case_agr] [v [v] [V [V] [DP case_agr]]]]]],0,2.4768467260623666e-71,-189.20614622864244,iMerge,[.. [V [V] [DP case_agr]] [.. [DP] [T case [T case] [v [DP case_agr] [v [v] [V [V] [DP case_agr]]]]]]],1,0,1,1,0,0,1,0,0,0,0.0,0,0,0.0,0.0,0.0,0.0,0.0,0.0,0.0,0.0
unaccusative_[.. [DP] [T case [T case] [v [DP case_agr] [v [v] [V [V] [DP case_agr]]]]]],0,3.1657220997436497e-32,-99.15993269045543,rMerge,[.. [DP] [T case [T case] [v [DP case_agr] [v [v] [V [V] [DP case_agr]]]]]],0,0,1,1,0,0,0,0,0,0,0.0,0,0,0.0,0.0,0.0,0.0,0.0,0.0,0.0,0.0
unaccusative_[T [DP] [T case [T case] [v [DP case_agr] [v [v] [V [V] [DP case_agr]]]]]],1,0.9999414794820993,-44.70692904040663,xMerge,[.. [C] [T [DP] [T case [T case] [v [DP case_agr] [v [v] [V [V] [DP case_agr]]]]]]],0,0,1,0,0,0,0,0,0,0,0.0,0,0,0.0,0.0,0.0,0.0,0.0,0.0,0.0,0.0
unaccusative_[T [DP] [T case [T case] [v [DP case_agr] [v [v] [V [V] [DP case_agr]]]]]],0,2.2456164232836388e-24,-99.15993269045543,iMerge,[.. [DP] [T [DP] [T case [T case] [v [DP case_agr] [v [v] [V [V] [DP case_agr]]]]]]],0,0,1,1,0,0,0,0,0,0,0.0,0,0,0.0,0.0,0.0,0.0,0.0,0.0,0.0,0.0
unaccusative_[T [DP] [T case [T case] [v [DP case_agr] [v [v] [V [V] [DP case_agr]]]]]],0,8.086666553226714e-38,-130.1148874511303,iMerge,[.. [v [DP case_agr] [v [v] [V [V] [DP case_agr]]]] [T [DP] [T case [T case] [v [DP case_agr] [v [v] [V [V] [DP case_agr]]]]]]],0,0,1,1,0,0,1,0,0,0,0.0,0,0,0.0,0.0,0.0,0.0,0.0,0.0,0.0,0.0
unaccusative_[T [DP] [T case [T case] [v [DP case_agr] [v [v] [V [V] [DP case_agr]]]]]],0,8.086666553226714e-38,-130.1148874511303,iMerge,[.. [V [V] [DP case_agr]] [T [DP] [T case [T case] [v [DP case_agr] [v [v] [V [V] [DP case_agr]]]]]]],0,0,1,1,0,0,1,0,0,0,0.0,0,0,0.0,0.0,0.0,0.0,0.0,0.0,0.0,0.0
unaccusative_[T [DP] [T case [T case] [v [DP case_agr] [v [v] [V [V] [DP case_agr]]]]]],0,5.852051790077341e-05,-54.45300365004881,rMerge,[T [DP] [T case [T case] [v [DP case_agr] [v [v] [V [V] [DP case_agr]]]]]],0,0,0,1,0,0,0,0,0,0,0.0,0,0,0.0,0.0,0.0,0.0,0.0,0.0,0.0,0.0
unaccusative_[.. [C] [T [DP] [T case [T case] [v [DP case_agr] [v [v] [V [V] [DP case_agr]]]]]]],1,0.9999999999972777,0.0,Label,[C [C] [T [DP] [T case [T case] [v [DP case_agr] [v [v] [V [V] [DP case_agr]]]]]]],0,0,0,0,0,0,0,0,0,0,0.0,0,1,0.0,0.0,0.0,0.0,0.0,0.0,0.0,0.0
unaccusative_[.. [C] [T [DP] [T case [T case] [v [DP case_agr] [v [v] [V [V] [DP case_agr]]]]]]],0,2.7221723513340735e-12,-26.62959089579727,Label,[T [C] [T [DP] [T case [T case] [v [DP case_agr] [v [v] [V [V] [DP case_agr]]]]]]],0,0,0,0,0,0,0,0,0,0,0.0,1,0,0.0,0.0,0.0,0.0,0.0,0.0,0.0,0.0
unaccusative_[.. [C] [T [DP] [T case [T case] [v [DP case_agr] [v [v] [V [V] [DP case_agr]]]]]]],0,1.8723230799710362e-69,-158.25119146796757,iMerge,[.. [C] [.. [C] [T [DP] [T case [T case] [v [DP case_agr] [v [v] [V [V] [DP case_agr]]]]]]]],1,0,1,1,0,0,0,0,0,0,0.0,0,0,0.0,0.0,0.0,0.0,0.0,0.0,0.0,0.0
unaccusative_[.. [C] [T [DP] [T case [T case] [v [DP case_agr] [v [v] [V [V] [DP case_agr]]]]]]],0,1.8723230799710362e-69,-158.25119146796757,iMerge,[.. [T [DP] [T case [T case] [v [DP case_agr] [v [v] [V [V] [DP case_agr]]]]]] [.. [C] [T [DP] [T case [T case] [v [DP case_agr] [v [v] [V [V] [DP case_agr]]]]]]]],1,0,1,1,0,0,0,0,0,0,0.0,0,0,0.0,0.0,0.0,0.0,0.0,0.0,0.0,0.0
unaccusative_[.. [C] [T [DP] [T case [T case] [v [DP case_agr] [v [v] [V [V] [DP case_agr]]]]]]],0,1.8723230799710362e-69,-158.25119146796757,iMerge,[.. [DP] [.. [C] [T [DP] [T case [T case] [v [DP case_agr] [v [v] [V [V] [DP case_agr]]]]]]]],1,0,1,1,0,0,0,0,0,0,0.0,0,0,0.0,0.0,0.0,0.0,0.0,0.0,0.0,0.0
unaccusative_[.. [C] [T [DP] [T case [T case] [v [DP case_agr] [v [v] [V [V] [DP case_agr]]]]]]],0,6.742403676179293e-83,-189.20614622864244,iMerge,[.. [v [DP case_agr] [v [v] [V [V] [DP case_agr]]]] [.. [C] [T [DP] [T case [T case] [v [DP case_agr] [v [v] [V [V] [DP case_agr]]]]]]]],1,0,1,1,0,0,1,0,0,0,0.0,0,0,0.0,0.0,0.0,0.0,0.0,0.0,0.0,0.0
unaccusative_[.. [C] [T [DP] [T case [T case] [v [DP case_agr] [v [v] [V [V] [DP case_agr]]]]]]],0,6.742403676179293e-83,-189.20614622864244,iMerge,[.. [V [V] [DP case_agr]] [.. [C] [T [DP] [T case [T case] [v [DP case_agr] [v [v] [V [V] [DP case_agr]]]]]]]],1,0,1,1,0,0,1,0,0,0,0.0,0,0,0.0,0.0,0.0,0.0,0.0,0.0,0.0,0.0
unaccusative_[.. [C] [T [DP] [T case [T case] [v [DP case_agr] [v [v] [V [V] [DP case_agr]]]]]]],0,8.617641171929411e-44,-99.15993269045543,rMerge,[.. [C] [T [DP] [T case [T case] [v [DP case_agr] [v [v] [V [V] [DP case_agr]]]]]]],0,0,1,1,0,0,0,0,0,0,0.0,0,0,0.0,0.0,0.0,0.0,0.0,0.0,0.0,0.0
unaccusative_[C [C] [T [DP] [T case [T case] [v [DP case_agr] [v [v] [V [V] [DP case_agr]]]]]]],0,3.8373146784026676e-20,-99.15993269045543,iMerge,[.. [T [DP] [T case [T case] [v [DP case_agr] [v [v] [V [V] [DP case_agr]]]]]] [C [C] [T [DP] [T case [T case] [v [DP case_agr] [v [v] [V [V] [DP case_agr]]]]]]]],0,0,1,1,0,0,0,0,0,0,0.0,0,0,0.0,0.0,0.0,0.0,0.0,0.0,0.0,0.0
unaccusative_[C [C] [T [DP] [T case [T case] [v [DP case_agr] [v [v] [V [V] [DP case_agr]]]]]]],0,3.8373146784026676e-20,-99.15993269045543,iMerge,[.. [DP] [C [C] [T [DP] [T case [T case] [v [DP case_agr] [v [v] [V [V] [DP case_agr]]]]]]]],0,0,1,1,0,0,0,0,0,0,0.0,0,0,0.0,0.0,0.0,0.0,0.0,0.0,0.0,0.0
unaccusative_[C [C] [T [DP] [T case [T case] [v [DP case_agr] [v [v] [V [V] [DP case_agr]]]]]]],0,1.3818515015431605e-33,-130.1148874511303,iMerge,[.. [v [DP case_agr] [v [v] [V [V] [DP case_agr]]]] [C [C] [T [DP] [T case [T case] [v [DP case_agr] [v [v] [V [V] [DP case_agr]]]]]]]],0,0,1,1,0,0,1,0,0,0,0.0,0,0,0.0,0.0,0.0,0.0,0.0,0.0,0.0,0.0
unaccusative_[C [C] [T [DP] [T case [T case] [v [DP case_agr] [v [v] [V [V] [DP case_agr]]]]]]],0,1.3818515015431605e-33,-130.1148874511303,iMerge,[.. [V [V] [DP case_agr]] [C [C] [T [DP] [T case [T case] [v [DP case_agr] [v [v] [V [V] [DP case_agr]]]]]]]],0,0,1,1,0,0,1,0,0,0,0.0,0,0,0.0,0.0,0.0,0.0,0.0,0.0,0.0,0.0
unaccusative_[C [C] [T [DP] [T case [T case] [v [DP case_agr] [v [v] [V [V] [DP case_agr]]]]]]],1,1.0,-54.45300365004881,rMerge,[C [C] [T [DP] [T case [T case] [v [DP case_agr] [v [v] [V [V] [DP case_agr]]]]]]],0,0,0,1,0,0,0,0,0,0,0.0,0,0,0.0,0.0,0.0,0.0,0.0,0.0,0.0,0.0
accusative_[DP case_agr],0,3.3867364051284326e-06,-57.302510944062774,mtAgree,[DP],0,0,0,0,0,1,0,0,0,0,0.0,0,0,0.0,0.0,0.0,0.0,0.0,0.0,0.0,0.0
accusative_[DP case_agr],1,0.9999380929438877,-44.70692904040663,xMerge,[.. [V] [DP case_agr]],0,0,1,0,0,0,0,0,0,0,0.0,0,0,0.0,0.0,0.0,0.0,0.0,0.0,0.0,0.0
accusative_[DP case_agr],0,2.1725285755218803e-26,-103.79818781791877,xMerge,[.. [v case] [DP case_agr]],1,0,1,0,0,0,0,0,0,0,0.0,0,0,0.0,0.0,0.0,0.0,0.0,0.0,0.0,0.0
accusative_[DP case_agr],0,2.1725285755218803e-26,-103.79818781791877,xMerge,[.. [DP2 case_agr] [DP case_agr]],1,0,1,0,0,0,0,0,0,0,0.0,0,0,0.0,0.0,0.0,0.0,0.0,0.0,0.0,0.0
accusative_[DP case_agr],0,2.1725285755218803e-26,-103.79818781791877,xMerge,[.. [T case] [DP case_agr]],1,0,1,0,0,0,0,0,0,0,0.0,0,0,0.0,0.0,0.0,0.0,0.0,0.0,0.0,0.0
accusative_[DP case_agr],0,2.1725285755218803e-26,-103.79818781791877,xMerge,[.. [C] [DP case_agr]],1,0,1,0,0,0,0,0,0,0,0.0,0,0,0.0,0.0,0.0,0.0,0.0,0.0,0.0,0.0
accusative_[DP case_agr],0,5.852031970720499e-05,-54.45300365004881,rMerge,[DP case_agr],0,0,0,1,0,0,0,0,0,0,0.0,0,0,0.0,0.0,0.0,0.0,0.0,0.0,0.0,0.0
accusative_[.. [V] [DP case_agr]],1,0.9991904782628382,-91.65615492614296,Label,[V [V] [DP case_agr]],0,0,0,0,0,0,1,0,1,0,0.0,0,0,0.0,0.0,0.0,0.0,0.0,0.0,0.0,0.0
accusative_[.. [V] [DP case_agr]],0,0.0002376634588500323,-100.0,Label,[DP case_agr [V] [DP case_agr]],0,0,0,0,0,0,0,1,0,0,0.0,0,0,0.0,0.0,0.0,0.0,0.0,0.0,0.0,0.0
accusative_[.. [V] [DP case_agr]],0,5.3263586074974165e-06,-103.79818781791877,xMerge,[.. [v case] [.. [V] [DP case_agr]]],1,0,1,0,0,0,0,0,0,0,0.0,0,0,0.0,0.0,0.0,0.0,0.0,0.0,0.0,0.0
accusative_[.. [V] [DP case_agr]],0,5.3263586074974165e-06,-103.79818781791877,xMerge,[.. [DP2 case_agr] [.. [V] [DP case_agr]]],1,0,1,0,0,0,0,0,0,0,0.0,0,0,0.0,0.0,0.0,0.0,0.0,0.0,0.0,0.0
accusative_[.. [V] [DP case_agr]],0,5.3263586074974165e-06,-103.79818781791877,xMerge,[.. [T case] [.. [V] [DP case_agr]]],1,0,1,0,0,0,0,0,0,0,0.0,0,0,0.0,0.0,0.0,0.0,0.0,0.0,0.0,0.0
accusative_[.. [V] [DP case_agr]],0,5.3263586074974165e-06,-103.79818781791877,xMerge,[.. [C] [.. [V] [DP case_agr]]],1,0,1,0,0,0,0,0,0,0,0.0,0,0,0.0,0.0,0.0,0.0,0.0,0.0,0.0,0.0
accusative_[.. [V] [DP case_agr]],0,1.1961658367737086e-29,-158.25119146796757,iMerge,[.. [V] [.. [V] [DP case_agr]]],1,0,1,1,0,0,0,0,0,0,0.0,0,0,0.0,0.0,0.0,0.0,0.0,0.0,0.0,0.0
accusative_[.. [V] [DP case_agr]],0,1.1961658367737086e-29,-158.25119146796757,iMerge,[.. [DP case_agr] [.. [V] [DP case_agr]]],1,0,1,1,0,0,0,0,0,0,0.0,0,0,0.0,0.0,0.0,0.0,0.0,0.0,0.0,0.0
accusative_[.. [V] [DP case_agr]],0,0.0005505528438818351,-99.15993269045543,rMerge,[.. [V] [DP case_agr]],0,0,1,1,0,0,0,0,0,0,0.0,0,0,0.0,0.0,0.0,0.0,0.0,0.0,0.0,0.0
accusative_[V [V] [DP case_agr]],1,0.9999414794197435,-75.6618838010815,xMerge,[.. [v case] [V [V] [DP case_agr]]],0,0,1,0,0,0,1,0,0,0,0.0,0,0,0.0,0.0,0.0,0.0,0.0,0.0,0.0,0.0
accusative_[V [V] [DP case_agr]],0,2.1725359331929544e-26,-134.75314257859364,xMerge,[.. [DP2 case_agr] [V [V] [DP case_agr]]],1,0,1,0,0,0,1,0,0,0,0.0,0,0,0.0,0.0,0.0,0.0,0.0,0.0,0.0,0.0
accusative_[V [V] [DP case_agr]],0,2.1725359331929544e-26,-134.75314257859364,xMerge,[.. [T case] [V [V] [DP case_agr]]],1,0,1,0,0,0,1,0,0,0,0.0,0,0,0.0,0.0,0.0,0.0,0.0,0.0,0.0,0.0
accusative_[V [V] [DP case_agr]],0,2.1725359331929544e-26,-134.75314257859364,xMerge,[.. [C] [V [V] [DP case_agr]]],1,0,1,0,0,0,1,0,0,0,0.0,0,0,0.0,0.0,0.0,0.0,0.0,0.0,0.0,0.0
accusative_[V [V] [DP case_agr]],0,6.23593552054476e-11,-99.15993269045543,iMerge,[.. [DP case_agr] [V [V] [DP case_agr]]],0,0,1,1,0,0,0,0,0,0,0.0,0,0,0.0,0.0,0.0,0.0,0.0,0.0,0.0,0.0
accusative_[V [V] [DP case_agr]],0,5.8520517897124934e-05,-85.40795841072367,rMerge,[V [V] [DP case_agr]],0,0,0,1,0,0,1,0,0,0,0.0,0,0,0.0,0.0,0.0,0.0,0.0,0.0,0.0,0.0
accusative_[.. [v case] [V [V] [DP case_agr]]],1,1.0,-85.51088121167516,Label,[v case [v case] [V [V] [DP case_agr]]],0,0,0,0,0,0,2,0,0,1,0.0,0,0,0.0,0.0,0.0,0.0,0.0,0.0,0.0,0.0
accusative_[.. [v case] [V [V] [DP case_agr]]],0,7.965286564334592e-24,-138.6978305228721,Label,[V [v case] [V [V] [DP case_agr]]],0,1,0,0,0,0,1,0,1,0,0.0,0,0,0.0,0.0,0.0,0.0,0.0,0.0,0.0,0.0
accusative_[.. [v case] [V [V] [DP case_agr]]],0,4.1148841430714165e-22,-134.75314257859364,xMerge,[.. [DP2 case_agr] [.. [v case] [V [V] [DP case_agr]]]],1,0,1,0,0,0,1,0,0,0,0.0,0,0,0.0,0.0,0.0,0.0,0.0,0.0,0.0,0.0
accusative_[.. [v case] [V [V] [DP case_agr]]],0,4.1148841430714165e-22,-134.75314257859364,xMerge,[.. [T case] [.. [v case] [V [V] [DP case_agr]]]],1,0,1,0,0,0,1,0,0,0,0.0,0,0,0.0,0.0,0.0,0.0,0.0,0.0,0.0,0.0
accusative_[.. [v case] [V [V] [DP case_agr]]],0,4.1148841430714165e-22,-134.75314257859364,xMerge,[.. [C] [.. [v case] [V [V] [DP case_agr]]]],1,0,1,0,0,0,1,0,0,0,0.0,0,0,0.0,0.0,0.0,0.0,0.0,0.0,0.0,0.0
accusative_[.. [v case] [V [V] [DP case_agr]]],0,9.240992199240076e-46,-189.20614622864244,iMerge,[.. [v case] [.. [v case] [V [V] [DP case_agr]]]],1,0,1,1,0,0,1,0,0,0,0.0,0,0,0.0,0.0,0.0,0.0,0.0,0.0,0.0,0.0
accusative_[.. [v case] [V [V] [DP case_agr]]],0,9.240992199240076e-46,-189.20614622864244,iMerge,[.. [V [V] [DP case_agr]] [.. [v case] [V [V] [DP case_agr]]]],1,0,1,1,0,0,1,0,0,0,0.0,0,0,0.0,0.0,0.0,0.0,0.0,0.0,0.0,0.0
accusative_[.. [v case] [V [V] [DP case_agr]]],0,2.5661653925583496e-32,-158.25119146796757,iMerge,[.. [DP case_agr] [.. [v case] [V [V] [DP case_agr]]]],1,0,1,1,0,0,0,0,0,0,0.0,0,0,0.0,0.0,0.0,0.0,0.0,0.0,0.0,0.0
accusative_[.. [v case] [V [V] [DP case_agr]]],0,4.2533019913893124e-20,-130.1148874511303,rMerge,[.. [v case] [V [V] [DP case_agr]]],0,0,1,1,0,0,1,0,0,0,0.0,0,0,0.0,0.0,0.0,0.0,0.0,0.0,0.0,0.0
accusative_[v case [v case] [V [V] [DP case_agr]]],0,0.0005771068200592174,-106.61683856175637,xMerge,[.. [DP2 case_agr] [v case [v case] [V [V] [DP case_agr]]]],0,0,1,0,0,0,2,0,0,0,0.0,0,0,0.0,0.0,0.0,0.0,0.0,0.0,0.0,0.0
accusative_[v case [v case] [V [V] [DP case_agr]]],0,1.2538586804069072e-29,-165.7080973392685,xMerge,[.. [T case] [v case [v case] [V [V] [DP case_agr]]]],1,0,1,0,0,0,2,0,0,0,0.0,0,0,0.0,0.0,0.0,0.0,0.0,0.0,0.0,0.0
accusative_[v case [v case] [V [V] [DP case_agr]]],0,1.2538586804069072e-29,-165.7080973392685,xMerge,[.. [C] [v case [v case] [V [V] [DP case_agr]]]],1,0,1,0,0,0,2,0,0,0,0.0,0,0,0.0,0.0,0.0,0.0,0.0,0.0,0.0,0.0
accusative_[v case [v case] [V [V] [DP case_agr]]],0,3.599011534599261e-14,-130.1148874511303,iMerge,[.. [V [V] [DP case_agr]] [v case [v case] [V [V] [DP case_agr]]]],0,0,1,1,0,0,1,0,0,0,0.0,0,0,0.0,0.0,0.0,0.0,0.0,0.0,0.0,0.0
accusative_[v case [v case] [V [V] [DP case_agr]]],1,0.9994228594053383,-99.15993269045543,iMerge,[.. [DP case_agr] [v case [v case] [V [V] [DP case_agr]]]],0,0,1,1,0,0,0,0,0,0,0.0,0,0,0.0,0.0,0.0,0.0,0.0,0.0,0.0,0.0
accusative_[v case [v case] [V [V] [DP case_agr]]],0,3.377456649905772e-08,-116.36291317139853,rMerge,[v case [v case] [V [V] [DP case_agr]]],0,0,0,1,0,0,2,0,0,0,0.0,0,0,0.0,0.0,0.0,0.0,0.0,0.0,0.0,0.0
accusative_[.. [DP case_agr] [v case [v case] [V [V] [DP case_agr]]]],1,1.0,0.0,Agree,[.. [DP] [v case [v case] [V [V] [DP case_agr]]]],0,0,0,0,0,0,0,0,0,0,0.0,0,0,0.0,0.0,0.0,0.0,0.0,0.0,0.0,0.0
accusative_[.. [DP case_agr] [v case [v case] [V [V] [DP case_agr]]]],0,1.3823298253817122e-64,-147.04167559672914,Label,[DP case_agr [DP case_agr] [v case [v case] [V [V] [DP case_agr]]]],0,1,0,0,0,0,0,1,0,0,0.0,0,0,0.0,0.0,0.0,0.0,0.0,0.0,0.0,0.0
accusative_[.. [DP case_agr] [v case [v case] [V [V] [DP case_agr]]]],0,2.026106114590273e-24,-54.55592645100029,Label,[v case [DP case_agr] [v case [v case] [V [V] [DP case_agr]]]],0,0,0,0,0,0,1,0,0,1,0.0,0,0,0.0,0.0,0.0,0.0,0.0,0.0,0.0,0.0
accusative_[.. [DP case_agr] [v case [v case] [V [V] [DP case_agr]]]],0,8.337191923107552e-46,-103.79818781791877,xMerge,[.. [DP2 case_agr] [.. [DP case_agr] [v case [v case] [V [V] [DP case_agr]]]]],1,0,1,0,0,0,0,0,0,0,0.0,0,0,0.0,0.0,0.0,0.0,0.0,0.0,0.0,0.0
accusative_[.. [DP case_agr] [v case [v case] [V [V] [DP case_agr]]]],0,8.337191923107552e-46,-103.79818781791877,xMerge,[.. [T case] [.. [DP case_agr] [v case [v case] [V [V] [DP case_agr]]]]],1,0,1,0,0,0,0,0,0,0,0.0,0,0,0.0,0.0,0.0,0.0,0.0,0.0,0.0,0.0
accusative_[.. [DP case_agr] [v case [v case] [V [V] [DP case_agr]]]],0,8.337191923107552e-46,-103.79818781791877,xMerge,[.. [C] [.. [DP case_agr] [v case [v case] [V [V] [DP case_agr]]]]],1,0,1,0,0,0,0,0,0,0,0.0,0,0,0.0,0.0,0.0,0.0,0.0,0.0,0.0,0.0
accusative_[.. [DP case_agr] [v case [v case] [V [V] [DP case_agr]]]],0,1.872323079976133e-69,-158.25119146796757,iMerge,[.. [DP case_agr] [.. [DP case_agr] [v case [v case] [V [V] [DP case_agr]]]]],1,0,1,1,0,0,0,0,0,0,0.0,0,0,0.0,0.0,0.0,0.0,0.0,0.0,0.0,0.0
accusative_[.. [DP case_agr] [v case [v case] [V [V] [DP case_agr]]]],0,2.428000157610782e-96,-220.1611009893173,iMerge,[.. [v case [v case] [V [V] [DP case_agr]]] [.. [DP case_agr] [v case [v case] [V [V] [DP case_agr]]]]],1,0,1,1,0,0,2,0,0,0,0.0,0,0,0.0,0.0,0.0,0.0,0.0,0.0,0.0,0.0
accusative_[.. [DP case_agr] [v case [v case] [V [V] [DP case_agr]]]],0,6.742403676197648e-83,-189.20614622864244,iMerge,[.. [V [V] [DP case_agr]] [.. [DP case_agr] [v case [v case] [V [V] [DP case_agr]]]]],1,0,1,1,0,0,1,0,0,0,0.0,0,0,0.0,0.0,0.0,0.0,0.0,0.0,0.0,0.0
accusative_[.. [DP case_agr] [v case [v case] [V [V] [DP case_agr]]]],0,8.61764117195287e-44,-99.15993269045543,rMerge,[.. [DP case_agr] [v case [v case] [V [V] [DP case_agr]]]],0,0,1,1,0,0,0,0,0,0,0.0,0,0,0.0,0.0,0.0,0.0,0.0,0.0,0.0,0.0
accusative_[.. [DP] [v case [v case] [V [V] [DP case_agr]]]],0,2.4568772064731664e-54,-147.04167559672914,Label,[DP [DP] [v case [v case] [V [V] [DP case_agr]]]],0,1,0,0,0,0,0,1,0,0,0.0,0,0,0.0,0.0,0.0,0.0,0.0,0.0,0.0,0.0
accusative_[.. [DP] [v case [v case] [V [V] [DP case_agr]]]],1,1.0,-23.60097169032542,Label,[v [DP] [v case [v case] [V [V] [DP case_agr]]]],0,0,0,0,0,0,0,0,0,1,0.0,0,0,0.0,0.0,0.0,0.0,0.0,0.0,0.0,0.0
accusative_[.. [DP] [v case [v case] [V [V] [DP case_agr]]]],0,1.481806760280159e-35,-103.79818781791877,xMerge,[.. [DP2 case_agr] [.. [DP] [v case [v case] [V [V] [DP case_agr]]]]],1,0,1,0,0,0,0,0,0,0,0.0,0,0,0.0,0.0,0.0,0.0,0.0,0.0,0.0,0.0
accusative_[.. [DP] [v case [v case] [V [V] [DP case_agr]]]],0,1.481806760280159e-35,-103.79818781791877,xMerge,[.. [T case] [.. [DP] [v case [v case] [V [V] [DP case_agr]]]]],1,0,1,0,0,0,0,0,0,0,0.0,0,0,0.0,0.0,0.0,0.0,0.0,0.0,0.0,0.0
accusative_[.. [DP] [v case [v case] [V [V] [DP case_agr]]]],0,1.481806760280159e-35,-103.79818781791877,xMerge,[.. [C] [.. [DP] [v case [v case] [V [V] [DP case_agr]]]]],1,0,1,0,0,0,0,0,0,0,0.0,0,0,0.0,0.0,0.0,0.0,0.0,0.0,0.0,0.0
accusative_[.. [DP] [v case [v case] [V [V] [DP case_agr]]]],0,3.32776433951047e-59,-158.25119146796757,iMerge,[.. [DP] [.. [DP] [v case [v case] [V [V] [DP case_agr]]]]],1,0,1,1,0,0,0,0,0,0,0.0,0,0,0.0,0.0,0.0,0.0,0.0,0.0,0.0,0.0
accusative_[.. [DP] [v case [v case] [V [V] [DP case_agr]]]],0,4.315394296654163e-86,-220.1611009893173,iMerge,[.. [v case [v case] [V [V] [DP case_agr]]] [.. [DP] [v case [v case] [V [V] [DP case_agr]]]]],1,0,1,1,0,0,2,0,0,0,0.0,0,0,0.0,0.0,0.0,0.0,0.0,0.0,0.0,0.0
accusative_[.. [DP] [v case [v case] [V [V] [DP case_agr]]]],0,1.198357845192019e-72,-189.20614622864244,iMerge,[.. [V [V] [DP case_agr]] [.. [DP] [v case [v case] [V [V] [DP case_agr]]]]],1,0,1,1,0,0,1,0,0,0,0.0,0,0,0.0,0.0,0.0,0.0,0.0,0.0,0.0,0.0
accusative_[.. [DP] [v case [v case] [V [V] [DP case_agr]]]],0,1.5316522714171495e-33,-99.15993269045543,rMerge,[.. [DP] [v case [v case] [V [V] [DP case_agr]]]],0,0,1,1,0,0,0,0,0,0,0.0,0,0,0.0,0.0,0.0,0.0,0.0,0.0,0.0,0.0
accusative_[v [DP] [v case [v case] [V [V] [DP case_agr]]]],1,0.9999414794820993,-44.70692904040663,xMerge,[.. [DP2 case_agr] [v [DP] [v case [v case] [V [V] [DP case_agr]]]]],0,0,1,0,0,0,0,0,0,0,0.0,0,0,0.0,0.0,0.0,0.0,0.0,0.0,0.0,0.0
accusative_[v [DP] [v case [v case] [V [V] [DP case_agr]]]],0,2.1725359333284173e-26,-103.79818781791877,xMerge,[.. [T case] [v [DP] [v case [v case] [V [V] [DP case_agr]]]]],1,0,1,0,0,0,0,0,0,0,0.0,0,0,0.0,0.0,0.0,0.0,0.0,0.0,0.0,0.0
accusative_[v [DP] [v case [v case] [V [V] [DP case_agr]]]],0,2.1725359333284173e-26,-103.79818781791877,xMerge,[.. [C] [v [DP] [v case [v case] [V [V] [DP case_agr]]]]],1,0,1,0,0,0,0,0,0,0,0.0,0,0,0.0,0.0,0.0,0.0,0.0,0.0,0.0,0.0
accusative_[v [DP] [v case [v case] [V [V] [DP case_agr]]]],0,2.2456164232836388e-24,-99.15993269045543,iMerge,[.. [DP] [v [DP] [v case [v case] [V [V] [DP case_agr]]]]],0,0,1,1,0,0,0,0,0,0,0.0,0,0,0.0,0.0,0.0,0.0,0.0,0.0,0.0,0.0
accusative_[v [DP] [v case [v case] [V [V] [DP case_agr]]]],0,8.086666553226714e-38,-130.1148874511303,iMerge,[.. [V [V] [DP case_agr]] [v [DP] [v case [v case] [V [V] [DP case_agr]]]]],0,0,1,1,0,0,1,0,0,0,0.0,0,0,0.0,0.0,0.0,0.0,0.0,0.0,0.0,0.0
accusative_[v [DP] [v case [v case] [V [V] [DP case_agr]]]],0,5.852051790077341e-05,-54.45300365004881,rMerge,[v [DP] [v case [v case] [V [V] [DP case_agr]]]],0,0,0,1,0,0,0,0,0,0,0.0,0,0,0.0,0.0,0.0,0.0,0.0,0.0,0.0,0.0
accusative_[.. [DP2 case_agr] [v [DP] [v case [v case] [V [V] [DP case_agr]]]]],1,1.0,-5.762146460304867,Label,[DP2 case_agr [DP2 case_agr] [v [DP] [v case [v case] [V [V] [DP case_agr]]]]],0,0,0,0,0,0,0,0,0,0,1.0,0,0,0.0,0.0,0.0,0.0,0.0,0.0,0.0,0.0
accusative_[.. [DP2 case_agr] [v [DP] [v case [v case] [V [V] [DP case_agr]]]]],0,6.443630059669725e-22,-54.55592645100029,Label,[v [DP2 case_agr] [v [DP] [v case [v case] [V [V] [DP case_agr]]]]],0,0,0,0,0,0,1,0,0,1,0.0,0,0,0.0,0.0,0.0,0.0,0.0,0.0,0.0,0.0
accusative_[.. [DP2 case_agr] [v [DP] [v case [v case] [V [V] [DP case_agr]]]]],0,2.6514791156353278e-43,-103.79818781791877,xMerge,[.. [T case] [.. [DP2 case_agr] [v [DP] [v case [v case] [V [V] [DP case_agr]]]]]],1,0,1,0,0,0,0,0,0,0,0.0,0,0,0.0,0.0,0.0,0.0,0.0,0.0,0.0,0.0
accusative_[.. [DP2 case_agr] [v [DP] [v case [v case] [V [V] [DP case_agr]]]]],0,2.6514791156353278e-43,-103.79818781791877,xMerge,[.. [C] [.. [DP2 case_agr] [v [DP] [v case [v case] [V [V] [DP case_agr]]]]]],1,0,1,0,0,0,0,0,0,0,0.0,0,0,0.0,0.0,0.0,0.0,0.0,0.0,0.0,0.0
accusative_[.. [DP2 case_agr] [v [DP] [v case [v case] [V [V] [DP case_agr]]]]],0,5.95455351161968e-67,-158.25119146796757,iMerge,[.. [DP2 case_agr] [.. [DP2 case_agr] [v [DP] [v case [v case] [V [V] [DP case_agr]]]]]],1,0,1,1,0,0,0,0,0,0,0.0,0,0,0.0,0.0,0.0,0.0,0.0,0.0,0.0,0.0
accusative_[.. [DP2 case_agr] [v [DP] [v case [v case] [V [V] [DP case_agr]]]]],0,5.95455351161968e-67,-158.25119146796757,iMerge,[.. [v [DP] [v case [v case] [V [V] [DP case_agr]]]] [.. [DP2 case_agr] [v [DP] [v case [v case] [V [V] [DP case_agr]]]]]],1,0,1,1,0,0,0,0,0,0,0.0,0,0,0.0,0.0,0.0,0.0,0.0,0.0,0.0,0.0
accusative_[.. [DP2 case_agr] [v [DP] [v case [v case] [V [V] [DP case_agr]]]]],0,5.95455351161968e-67,-158.25119146796757,iMerge,[.. [DP] [.. [DP2 case_agr] [v [DP] [v case [v case] [V [V] [DP case_agr]]]]]],1,0,1,1,0,0,0,0,0,0,0.0,0,0,0.0,0.0,0.0,0.0,0.0,0.0,0.0,0.0
accusative_[.. [DP2 case_agr] [v [DP] [v case [v case] [V [V] [DP case_agr]]]]],0,2.144288232956671e-80,-189.20614622864244,iMerge,[.. [V [V] [DP case_agr]] [.. [DP2 case_agr] [v [DP] [v case [v case] [V [V] [DP case_agr]]]]]],1,0,1,1,0,0,1,0,0,0,0.0,0,0,0.0,0.0,0.0,0.0,0.0,0.0,0.0,0.0
accusative_[.. [DP2 case_agr] [v [DP] [v case [v case] [V [V] [DP case_agr]]]]],0,2.7406704564569277e-41,-99.15993269045543,rMerge,[.. [DP2 case_agr] [v [DP] [v case [v case] [V [V] [DP case_agr]]]]],0,0,1,1,0,0,0,0,0,0,0.0,0,0,0.0,0.0,0.0,0.0,0.0,0.0,0.0,0.0
accusative_[DP2 case_agr [DP2 case_agr] [v [DP] [v case [v case] [V [V] [DP case_agr]]]]],0,3.3867364051284326e-06,-57.302510944062774,mtAgree,[DP2 [DP2 case_agr] [v [DP] [v case [v case] [V [V] [DP case_agr]]]]],0,0,0,0,0,1,0,0,0,0,0.0,0,0,0.0,0.0,0.0,0.0,0.0,0.0,0.0,0.0
accusative_[DP2 case_agr [DP2 case_agr] [v [DP] [v case [v case] [V [V] [DP case_agr]]]]],1,0.9999380929438877,-44.70692904040663,xMerge,[.. [T case] [DP2 case_agr [DP2 case_agr] [v [DP] [v case [v case] [V [V] [DP case_agr]]]]]],0,0,1,0,0,0,0,0,0,0,0.0,0,0,0.0,0.0,0.0,0.0,0.0,0.0,0.0,0.0
accusative_[DP2 case_agr [DP2 case_agr] [v [DP] [v case [v case] [V [V] [DP case_agr]]]]],0,2.1725285755218803e-26,-103.79818781791877,xMerge,[.. [C] [DP2 case_agr [DP2 case_agr] [v [DP] [v case [v case] [V [V] [DP case_agr]]]]]],1,0,1,0,0,0,0,0,0,0,0.0,0,0,0.0,0.0,0.0,0.0,0.0,0.0,0.0,0.0
accusative_[DP2 case_agr [DP2 case_agr] [v [DP] [v case [v case] [V [V] [DP case_agr]]]]],0,2.245608817972746e-24,-99.15993269045543,iMerge,[.. [v [DP] [v case [v case] [V [V] [DP case_agr]]]] [DP2 case_agr [DP2 case_agr] [v [DP] [v case [v case] [V [V] [DP case_agr]]]]]],0,0,1,1,0,0,0,0,0,0,0.0,0,0,0.0,0.0,0.0,0.0,0.0,0.0,0.0,0.0
accusative_[DP2 case_agr [DP2 case_agr] [v [DP] [v case [v case] [V [V] [DP case_agr]]]]],0,2.245608817972746e-24,-99.15993269045543,iMerge,[.. [DP] [DP2 case_agr [DP2 case_agr] [v [DP] [v case [v case] [V [V] [DP case_agr]]]]]],0,0,1,1,0,0,0,0,0,0,0.0,0,0,0.0,0.0,0.0,0.0,0.0,0.0,0.0,0.0
accusative_[DP2 case_agr [DP2 case_agr] [v [DP] [v case [v case] [V [V] [DP case_agr]]]]],0,8.086639165818701e-38,-130.1148874511303,iMerge,[.. [V [V] [DP case_agr]] [DP2 case_agr [DP2 case_agr] [v [DP] [v case [v case] [V [V] [DP case_agr]]]]]],0,0,1,1,0,0,1,0,0,0,0.0,0,0,0.0,0.0,0.0,0.0,0.0,0.0,0.0,0.0
accusative_[DP2 case_agr [DP2 case_agr] [v [DP] [v case [v case] [V [V] [DP case_agr]]]]],0,5.852031970720499e-05,-54.45300365004881,rMerge,[DP2 case_agr [DP2 case_agr] [v [DP] [v case [v case] [V [V] [DP case_agr]]]]],0,0,0,1,0,0,0,0,0,0,0.0,0,0,0.0,0.0,0.0,0.0,0.0,0.0,0.0,0.0
accusative_[.. [T case] [DP2 case_agr [DP2 case_agr] [v [DP] [v case [v case] [V [V] [DP case_agr]]]]]],1,1.0,0.0,Agree,[.. [T case] [DP2 [DP2 case_agr] [v [DP] [v case [v case] [V [V] [DP case_agr]]]]]],0,0,0,0,0,0,0,0,0,0,0.0,0,0,0.0,0.0,0.0,0.0,0.0,0.0,0.0,0.0
accusative_[.. [T case] [DP2 case_agr [DP2 case_agr] [v [DP] [v case [v case] [V [V] [DP case_agr]]]]]],0,9.802787278124231e-26,-57.58454565647214,Label,[T case [T case] [DP2 case_agr [DP2 case_agr] [v [DP] [v case [v case] [V [V] [DP case_agr]]]]]],0,0,0,0,0,0,1,0,0,0,0.0,1,0,0.0,0.0,0.0,0.0,0.0,0.0,0.0,0.0
accusative_[.. [T case] [DP2 case_agr [DP2 case_agr] [v [DP] [v case [v case] [V [V] [DP case_agr]]]]]],0,1.1683997549837551e-23,-52.80382205703399,Label,[DP2 case_agr [T case] [DP2 case_agr [DP2 case_agr] [v [DP] [v case [v case] [V [V] [DP case_agr]]]]]],0,1,0,0,0,0,0,0,0,0,1.0,0,0,0.0,0.0,0.0,0.0,0.0,0.0,0.0,0.0
accusative_[.. [T case] [DP2 case_agr [DP2 case_agr] [v [DP] [v case [v case] [V [V] [DP case_agr]]]]]],0,8.337191923107552e-46,-103.79818781791877,xMerge,[.. [C] [.. [T case] [DP2 case_agr [DP2 case_agr] [v [DP] [v case [v case] [V [V] [DP case_agr]]]]]]],1,0,1,0,0,0,0,0,0,0,0.0,0,0,0.0,0.0,0.0,0.0,0.0,0.0,0.0,0.0
accusative_[.. [T case] [DP2 case_agr [DP2 case_agr] [v [DP] [v case [v case] [V [V] [DP case_agr]]]]]],0,1.872323079976133e-69,-158.25119146796757,iMerge,[.. [T case] [.. [T case] [DP2 case_agr [DP2 case_agr] [v [DP] [v case [v case] [V [V] [DP case_agr]]]]]]],1,0,1,1,0,0,0,0,0,0,0.0,0,0,0.0,0.0,0.0,0.0,0.0,0.0,0.0,0.0
accusative_[.. [T case] [DP2 case_agr [DP2 case_agr] [v [DP] [v case [v case] [V [V] [DP case_agr]]]]]],0,1.872323079976133e-69,-158.25119146796757,iMerge,[.. [DP2 case_agr [DP2 case_agr] [v [DP] [v case [v case] [V [V] [DP case_agr]]]]] [.. [T case] [DP2 case_agr [DP2 case_agr] [v [DP] [v case [v case] [V [V] [DP case_agr]]]]]]],1,0,1,1,0,0,0,0,0,0,0.0,0,0,0.0,0.0,0.0,0.0,0.0,0.0,0.0,0.0
accusative_[.. [T case] [DP2 case_agr [DP2 case_agr] [v [DP] [v case [v case] [V [V] [DP case_agr]]]]]],0,1.872323079976133e-69,-158.25119146796757,iMerge,[.. [v [DP] [v case [v case] [V [V] [DP case_agr]]]] [.. [T case] [DP2 case_agr [DP2 case_agr] [v [DP] [v case [v case] [V [V] [DP case_agr]]]]]]],1,0,1,1,0,0,0,0,0,0,0.0,0,0,0.0,0.0,0.0,0.0,0.0,0.0,0.0,0.0
accusative_[.. [T case] [DP2 case_agr [DP2 case_agr] [v [DP] [v case [v case] [V [V] [DP case_agr]]]]]],0,1.872323079976133e-69,-158.25119146796757,iMerge,[.. [DP] [.. [T case] [DP2 case_agr [DP2 case_agr] [v [DP] [v case [v case] [V [V] [DP case_agr]]]]]]],1,0,1,1,0,0,0,0,0,0,0.0,0,0,0.0,0.0,0.0,0.0,0.0,0.0,0.0,0.0
accusative_[.. [T case] [DP2 case_agr [DP2 case_agr] [v [DP] [v case [v case] [V [V] [DP case_agr]]]]]],0,6.742403676197648e-83,-189.20614622864244,iMerge,[.. [V [V] [DP case_agr]] [.. [T case] [DP2 case_agr [DP2 case_agr] [v [DP] [v case [v case] [V [V] [DP case_agr]]]]]]],1,0,1,1,0,0,1,0,0,0,0.0,0,0,0.0,0.0,0.0,0.0,0.0,0.0,0.0,0.0
accusative_[.. [T case] [DP2 case_agr [DP2 case_agr] [v [DP] [v case [v case] [V [V] [DP case_agr]]]]]],0,8.61764117195287e-44,-99.15993269045543,rMerge,[.. [T case] [DP2 case_agr [DP2 case_agr] [v [DP] [v case [v case] [V [V] [DP case_agr]]]]]],0,0,1,1,0,0,0,0,0,0,0.0,0,0,0.0,0.0,0.0,0.0,0.0,0.0,0.0,0.0
accusative_[.. [T case] [DP2 [DP2 case_agr] [v [DP] [v case [v case] [V [V] [DP case_agr]]]]]],1,0.9999999999957079,-26.62959089579727,Label,[T [T case] [DP2 [DP2 case_agr] [v [DP] [v case [v case] [V [V] [DP case_agr]]]]]],0,0,0,0,0,0,0,0,0,0,0.0,1,0,0.0,0.0,0.0,0.0,0.0,0.0,0.0,0.0
accusative_[.. [T case] [DP2 [DP2 case_agr] [v [DP] [v case [v case] [V [V] [DP case_agr]]]]]],0,4.292159364571291e-12,-52.80382205703399,Label,[DP2 [T case] [DP2 [DP2 case_agr] [v [DP] [v case [v case] [V [V] [DP case_agr]]]]]],0,1,0,0,0,0,0,0,0,0,1.0,0,0,0.0,0.0,0.0,0.0,0.0,0.0,0.0,0.0
accusative_[.. [T case] [DP2 [DP2 case_agr] [v [DP] [v case [v case] [V [V] [DP case_agr]]]]]],0,3.062698039293217e-34,-103.79818781791877,xMerge,[.. [C] [.. [T case] [DP2 [DP2 case_agr] [v [DP] [v case [v case] [V [V] [DP case_agr]]]]]]],1,0,1,0,0,0,0,0,0,0,0.0,0,0,0.0,0.0,0.0,0.0,0.0,0.0,0.0,0.0
accusative_[.. [T case] [DP2 [DP2 case_agr] [v [DP] [v case [v case] [V [V] [DP case_agr]]]]]],0,6.878047523498715e-58,-158.25119146796757,iMerge,[.. [T case] [.. [T case] [DP2 [DP2 case_agr] [v [DP] [v case [v case] [V [V] [DP case_agr]]]]]]],1,0,1,1,0,0,0,0,0,0,0.0,0,0,0.0,0.0,0.0,0.0,0.0,0.0,0.0,0.0
accusative_[.. [T case] [DP2 [DP2 case_agr] [v [DP] [v case [v case] [V [V] [DP case_agr]]]]]],0,6.878047523498715e-58,-158.25119146796757,iMerge,[.. [DP2 [DP2 case_agr] [v [DP] [v case [v case] [V [V] [DP case_agr]]]]] [.. [T case] [DP2 [DP2 case_agr] [v [DP] [v case [v case] [V [V] [DP case_agr]]]]]]],1,0,1,1,0,0,0,0,0,0,0.0,0,0,0.0,0.0,0.0,0.0,0.0,0.0,0.0,0.0
accusative_[.. [T case] [DP2 [DP2 case_agr] [v [DP] [v case [v case] [V [V] [DP case_agr]]]]]],0,6.878047523498715e-58,-158.25119146796757,iMerge,[.. [v [DP] [v case [v case] [V [V] [DP case_agr]]]] [.. [T case] [DP2 [DP2 case_agr] [v [DP] [v case [v case] [V [V] [DP case_agr]]]]]]],1,0,1,1,0,0,0,0,0,0,0.0,0,0,0.0,0.0,0.0,0.0,0.0,0.0,0.0,0.0
accusative_[.. [T case] [DP2 [DP2 case_agr] [v [DP] [v case [v case] [V [V] [DP case_agr]]]]]],0,6.878047523498715e-58,-158.25119146796757,iMerge,[.. [DP] [.. [T case] [DP2 [DP2 case_agr] [v [DP] [v case [v case] [V [V] [DP case_agr]]]]]]],1,0,1,1,0,0,0,0,0,0,0.0,0,0,0.0,0.0,0.0,0.0,0.0,0.0,0.0,0.0
accusative_[.. [T case] [DP2 [DP2 case_agr] [v [DP] [v case [v case] [V [V] [DP case_agr]]]]]],0,2.4768467260517357e-71,-189.20614622864244,iMerge,[.. [V [V] [DP case_agr]] [.. [T case] [DP2 [DP2 case_agr] [v [DP] [v case [v case] [V [V] [DP case_agr]]]]]]],1,0,1,1,0,0,1,0,0,0,0.0,0,0,0.0,0.0,0.0,0.0,0.0,0.0,0.0,0.0
accusative_[.. [T case] [DP2 [DP2 case_agr] [v [DP] [v case [v case] [V [V] [DP case_agr]]]]]],0,3.165722099730062e-32,-99.15993269045543,rMerge,[.. [T case] [DP2 [DP2 case_agr] [v [DP] [v case [v case] [V [V] [DP case_agr]]]]]],0,0,1,1,0,0,0,0,0,0,0.0,0,0,0.0,0.0,0.0,0.0,0.0,0.0,0.0,0.0
accusative_[T [T case] [DP2 [DP2 case_agr] [v [DP] [v case [v case] [V [V] [DP case_agr]]]]]],1,0.9999414794820993,-44.70692904040663,xMerge,[.. [C] [T [T case] [DP2 [DP2 case_agr] [v [DP] [v case [v case] [V [V] [DP case_agr]]]]]]],0,0,1,0,0,0,0,0,0,0,0.0,0,0,0.0,0.0,0.0,0.0,0.0,0.0,0.0,0.0
accusative_[T [T case] [DP2 [DP2 case_agr] [v [DP] [v case [v case] [V [V] [DP case_agr]]]]]],0,2.2456164232836388e-24,-99.15993269045543,iMerge,[.. [DP2 [DP2 case_agr] [v [DP] [v case [v case] [V [V] [DP case_agr]]]]] [T [T case] [DP2 [DP2 case_agr] [v [DP] [v case [v case] [V [V] [DP case_agr]]]]]]],0,0,1,1,0,0,0,0,0,0,0.0,0,0,0.0,0.0,0.0,0.0,0.0,0.0,0.0,0.0
accusative_[T [T case] [DP2 [DP2 case_agr] [v [DP] [v case [v case] [V [V] [DP case_agr]]]]]],0,2.2456164232836388e-24,-99.15993269045543,iMerge,[.. [v [DP] [v case [v case] [V [V] [DP case_agr]]]] [T [T case] [DP2 [DP2 case_agr] [v [DP] [v case [v case] [V [V] [DP case_agr]]]]]]],0,0,1,1,0,0,0,0,0,0,0.0,0,0,0.0,0.0,0.0,0.0,0.0,0.0,0.0,0.0
accusative_[T [T case] [DP2 [DP2 case_agr] [v [DP] [v case [v case] [V [V] [DP case_agr]]]]]],0,2.2456164232836388e-24,-99.15993269045543,iMerge,[.. [DP] [T [T case] [DP2 [DP2 case_agr] [v [DP] [v case [v case] [V [V] [DP case_agr]]]]]]],0,0,1,1,0,0,0,0,0,0,0.0,0,0,0.0,0.0,0.0,0.0,0.0,0.0,0.0,0.0
accusative_[T [T case] [DP2 [DP2 case_agr] [v [DP] [v case [v case] [V [V] [DP case_agr]]]]]],0,8.086666553226714e-38,-130.1148874511303,iMerge,[.. [V [V] [DP case_agr]] [T [T case] [DP2 [DP2 case_agr] [v [DP] [v case [v case] [V [V] [DP case_agr]]]]]]],0,0,1,1,0,0,1,0,0,0,0.0,0,0,0.0,0.0,0.0,0.0,0.0,0.0,0.0,0.0
accusative_[T [T case] [DP2 [DP2 case_agr] [v [DP] [v case [v case] [V [V] [DP case_agr]]]]]],0,5.852051790077341e-05,-54.45300365004881,rMerge,[T [T case] [DP2 [DP2 case_agr] [v [DP] [v case [v case] [V [V] [DP case_agr]]]]]],0,0,0,1,0,0,0,0,0,0,0.0,0,0,0.0,0.0,0.0,0.0,0.0,0.0,0.0,0.0
accusative_[.. [C] [T [T case] [DP2 [DP2 case_agr] [v [DP] [v case [v case] [V [V] [DP case_agr]]]]]]],1,0.9999999999972777,0.0,Label,[C [C] [T [T case] [DP2 [DP2 case_agr] [v [DP] [v case [v case] [V [V] [DP case_agr]]]]]]],0,0,0,0,0,0,0,0,0,0,0.0,0,1,0.0,0.0,0.0,0.0,0.0,0.0,0.0,0.0
accusative_[.. [C] [T [T case] [DP2 [DP2 case_agr] [v [DP] [v case [v case] [V [V] [DP case_agr]]]]]]],0,2.7221723513340735e-12,-26.62959089579727,Label,[T [C] [T [T case] [DP2 [DP2 case_agr] [v [DP] [v case [v case] [V [V] [DP case_agr]]]]]]],0,0,0,0,0,0,0,0,0,0,0.0,1,0,0.0,0.0,0.0,0.0,0.0,0.0,0.0,0.0
accusative_[.. [C] [T [T case] [DP2 [DP2 case_agr] [v [DP] [v case [v case] [V [V] [DP case_agr]]]]]]],0,1.8723230799710362e-69,-158.25119146796757,iMerge,[.. [C] [.. [C] [T [T case] [DP2 [DP2 case_agr] [v [DP] [v case [v case] [V [V] [DP case_agr]]]]]]]],1,0,1,1,0,0,0,0,0,0,0.0,0,0,0.0,0.0,0.0,0.0,0.0,0.0,0.0,0.0
accusative_[.. [C] [T [T case] [DP2 [DP2 case_agr] [v [DP] [v case [v case] [V [V] [DP case_agr]]]]]]],0,1.8723230799710362e-69,-158.25119146796757,iMerge,[.. [T [T case] [DP2 [DP2 case_agr] [v [DP] [v case [v case] [V [V] [DP case_agr]]]]]] [.. [C] [T [T case] [DP2 [DP2 case_agr] [v [DP] [v case [v case] [V [V] [DP case_agr]]]]]]]],1,0,1,1,0,0,0,0,0,0,0.0,0,0,0.0,0.0,0.0,0.0,0.0,0.0,0.0,0.0
accusative_[.. [C] [T [T case] [DP2 [DP2 case_agr] [v [DP] [v case [v case] [V [V] [DP case_agr]]]]]]],0,1.8723230799710362e-69,-158.25119146796757,iMerge,[.. [DP2 [DP2 case_agr] [v [DP] [v case [v case] [V [V] [DP case_agr]]]]] [.. [C] [T [T case] [DP2 [DP2 case_agr] [v [DP] [v case [v case] [V [V] [DP case_agr]]]]]]]],1,0,1,1,0,0,0,0,0,0,0.0,0,0,0.0,0.0,0.0,0.0,0.0,0.0,0.0,0.0
accusative_[.. [C] [T [T case] [DP2 [DP2 case_agr] [v [DP] [v case [v case] [V [V] [DP case_agr]]]]]]],0,1.8723230799710362e-69,-158.25119146796757,iMerge,[.. [v [DP] [v case [v case] [V [V] [DP case_agr]]]] [.. [C] [T [T case] [DP2 [DP2 case_agr] [v [DP] [v case [v case] [V [V] [DP case_agr]]]]]]]],1,0,1,1,0,0,0,0,0,0,0.0,0,0,0.0,0.0,0.0,0.0,0.0,0.0,0.0,0.0
accusative_[.. [C] [T [T case] [DP2 [DP2 case_agr] [v [DP] [v case [v case] [V [V] [DP case_agr]]]]]]],0,1.8723230799710362e-69,-158.25119146796757,iMerge,[.. [DP] [.. [C] [T [T case] [DP2 [DP2 case_agr] [v [DP] [v case [v case] [V [V] [DP case_agr]]]]]]]],1,0,1,1,0,0,0,0,0,0,0.0,0,0,0.0,0.0,0.0,0.0,0.0,0.0,0.0,0.0
accusative_[.. [C] [T [T case] [DP2 [DP2 case_agr] [v [DP] [v case [v case] [V [V] [DP case_agr]]]]]]],0,6.742403676179293e-83,-189.20614622864244,iMerge,[.. [V [V] [DP case_agr]] [.. [C] [T [T case] [DP2 [DP2 case_agr] [v [DP] [v case [v case] [V [V] [DP case_agr]]]]]]]],1,0,1,1,0,0,1,0,0,0,0.0,0,0,0.0,0.0,0.0,0.0,0.0,0.0,0.0,0.0
accusative_[.. [C] [T [T case] [DP2 [DP2 case_agr] [v [DP] [v case [v case] [V [V] [DP case_agr]]]]]]],0,8.617641171929411e-44,-99.15993269045543,rMerge,[.. [C] [T [T case] [DP2 [DP2 case_agr] [v [DP] [v case [v case] [V [V] [DP case_agr]]]]]]],0,0,1,1,0,0,0,0,0,0,0.0,0,0,0.0,0.0,0.0,0.0,0.0,0.0,0.0,0.0
accusative_[C [C] [T [T case] [DP2 [DP2 case_agr] [v [DP] [v case [v case] [V [V] [DP case_agr]]]]]]],0,3.8373146784026676e-20,-99.15993269045543,iMerge,[.. [T [T case] [DP2 [DP2 case_agr] [v [DP] [v case [v case] [V [V] [DP case_agr]]]]]] [C [C] [T [T case] [DP2 [DP2 case_agr] [v [DP] [v case [v case] [V [V] [DP case_agr]]]]]]]],0,0,1,1,0,0,0,0,0,0,0.0,0,0,0.0,0.0,0.0,0.0,0.0,0.0,0.0,0.0
accusative_[C [C] [T [T case] [DP2 [DP2 case_agr] [v [DP] [v case [v case] [V [V] [DP case_agr]]]]]]],0,3.8373146784026676e-20,-99.15993269045543,iMerge,[.. [DP2 [DP2 case_agr] [v [DP] [v case [v case] [V [V] [DP case_agr]]]]] [C [C] [T [T case] [DP2 [DP2 case_agr] [v [DP] [v case [v case] [V [V] [DP case_agr]]]]]]]],0,0,1,1,0,0,0,0,0,0,0.0,0,0,0.0,0.0,0.0,0.0,0.0,0.0,0.0,0.0
accusative_[C [C] [T [T case] [DP2 [DP2 case_agr] [v [DP] [v case [v case] [V [V] [DP case_agr]]]]]]],0,3.8373146784026676e-20,-99.15993269045543,iMerge,[.. [v [DP] [v case [v case] [V [V] [DP case_agr]]]] [C [C] [T [T case] [DP2 [DP2 case_agr] [v [DP] [v case [v case] [V [V] [DP case_agr]]]]]]]],0,0,1,1,0,0,0,0,0,0,0.0,0,0,0.0,0.0,0.0,0.0,0.0,0.0,0.0,0.0
accusative_[C [C] [T [T case] [DP2 [DP2 case_agr] [v [DP] [v case [v case] [V [V] [DP case_agr]]]]]]],0,3.8373146784026676e-20,-99.15993269045543,iMerge,[.. [DP] [C [C] [T [T case] [DP2 [DP2 case_agr] [v [DP] [v case [v case] [V [V] [DP case_agr]]]]]]]],0,0,1,1,0,0,0,0,0,0,0.0,0,0,0.0,0.0,0.0,0.0,0.0,0.0,0.0,0.0
accusative_[C [C] [T [T case] [DP2 [DP2 case_agr] [v [DP] [v case [v case] [V [V] [DP case_agr]]]]]]],0,1.3818515015431605e-33,-130.1148874511303,iMerge,[.. [V [V] [DP case_agr]] [C [C] [T [T case] [DP2 [DP2 case_agr] [v [DP] [v case [v case] [V [V] [DP case_agr]]]]]]]],0,0,1,1,0,0,1,0,0,0,0.0,0,0,0.0,0.0,0.0,0.0,0.0,0.0,0.0,0.0
accusative_[C [C] [T [T case] [DP2 [DP2 case_agr] [v [DP] [v case [v case] [V [V] [DP case_agr]]]]]]],1,1.0,-54.45300365004881,rMerge,[C [C] [T [T case] [DP2 [DP2 case_agr] [v [DP] [v case [v case] [V [V] [DP case_agr]]]]]]],0,0,0,1,0,0,0,0,0,0,0.0,0,0,0.0,0.0,0.0,0.0,0.0,0.0,0.0,0.0
